Real Date,Bytes,X,Y,Last Seen,Associated,Test Point,RMSE
2022-09-05 13:31:00,11999,72.833336,44.02,2022-09-05T13:30:59.632+0100,True,14,20.864638153996733
2022-09-05 13:31:01,5448,72.833336,44.02,2022-09-05T13:30:59.632+0100,True,14,20.864638153996733
2022-09-05 13:31:02,8629,72.833336,44.02,2022-09-05T13:31:01.712+0100,True,14,20.864638153996733
2022-09-05 13:31:03,5500,72.833336,44.02,2022-09-05T13:31:01.712+0100,True,14,20.864638153996733
2022-09-05 13:31:04,8681,72.833336,44.02,2022-09-05T13:31:03.733+0100,True,14,20.864638153996733
2022-09-05 13:31:05,5448,72.833336,44.02,2022-09-05T13:31:03.733+0100,True,14,20.864638153996733
2022-09-05 13:31:06,3532726,64.794235,35.145638,2022-09-05T13:31:05.779+0100,True,14,13.005978157885282
2022-09-05 13:31:07,5198788,64.794235,35.145638,2022-09-05T13:31:05.779+0100,True,14,13.005978157885282
2022-09-05 13:31:08,8788,65.187874,36.02049,2022-09-05T13:31:07.774+0100,True,14,13.128914949395316
2022-09-05 13:31:09,5448,65.187874,36.02049,2022-09-05T13:31:07.774+0100,True,14,13.128914949395316
2022-09-05 13:31:10,8490,65.55,44.02,2022-09-05T13:31:09.873+0100,True,14,13.859852634137203
2022-09-05 13:31:11,5583,65.55,44.02,2022-09-05T13:31:09.873+0100,True,14,13.859852634137203
2022-09-05 13:31:12,8677,65.55,44.02,2022-09-05T13:31:11.891+0100,True,14,13.859852634137203
2022-09-05 13:31:13,5448,65.55,44.02,2022-09-05T13:31:11.891+0100,True,14,13.859852634137203
2022-09-05 13:31:14,8771,72.833336,44.02,2022-09-05T13:31:13.876+0100,True,14,20.864638153996733
2022-09-05 13:31:15,5448,72.833336,44.02,2022-09-05T13:31:13.876+0100,True,14,20.864638153996733
2022-09-05 13:31:16,2882347,72.833336,44.02,2022-09-05T13:31:13.876+0100,True,14,20.864638153996733
2022-09-05 13:31:17,2786931,80.11667,44.02,2022-09-05T13:31:15.925+0100,True,14,28.011865193865617
2022-09-05 13:31:18,8732,80.11667,44.02,2022-09-05T13:31:18.053+0100,True,14,28.011865193865617
2022-09-05 13:31:19,5500,80.11667,44.02,2022-09-05T13:31:18.053+0100,True,14,28.011865193865617
2022-09-05 13:31:20,5448,80.11667,44.02,2022-09-05T13:31:18.053+0100,True,14,28.011865193865617
2022-09-05 13:31:21,9137,77.695274,39.58477,2022-09-05T13:31:20.195+0100,True,14,25.202748436622063
2022-09-05 13:31:22,5448,77.695274,39.58477,2022-09-05T13:31:20.195+0100,True,14,25.202748436622063
2022-09-05 13:31:23,3127328,74.06564,36.080616,2022-09-05T13:31:22.207+0100,True,14,21.82155783273266
2022-09-05 13:31:24,2581284,74.06564,36.080616,2022-09-05T13:31:22.207+0100,True,14,21.82155783273266
2022-09-05 13:31:25,8683,74.87746,38.03484,2022-09-05T13:31:24.259+0100,True,14,22.42380915941803
2022-09-05 13:31:26,5448,74.87746,38.03484,2022-09-05T13:31:24.259+0100,True,14,22.42380915941803
2022-09-05 13:31:27,8684,69.08517,33.537167,2022-09-05T13:31:26.260+0100,True,14,17.587165162653964
2022-09-05 13:31:28,5500,69.08517,33.537167,2022-09-05T13:31:26.260+0100,True,14,17.587165162653964
2022-09-05 13:31:29,8685,63.319313,28.606602,2022-09-05T13:31:28.419+0100,True,14,15.26604024849316
2022-09-05 13:31:30,5448,63.319313,28.606602,2022-09-05T13:31:28.419+0100,True,14,15.26604024849316
2022-09-05 13:31:31,3556865,59.539692,24.288244,2022-09-05T13:31:30.478+0100,True,14,16.646664662279953
2022-09-05 13:31:32,1618636,59.539692,24.288244,2022-09-05T13:31:30.478+0100,True,14,16.646664662279953
2022-09-05 13:31:33,8737,63.188564,26.802013,2022-09-05T13:31:32.537+0100,True,14,16.502787203738194
2022-09-05 13:31:34,5537,63.188564,26.802013,2022-09-05T13:31:32.537+0100,True,14,16.502787203738194
2022-09-05 13:31:35,8683,62.89911,24.90319,2022-09-05T13:31:34.585+0100,True,14,17.820462239263044
2022-09-05 13:31:36,5552,62.89911,24.90319,2022-09-05T13:31:34.585+0100,True,14,17.820462239263044
2022-09-05 13:31:37,8788,68.099724,28.88649,2022-09-05T13:31:36.596+0100,True,14,18.80057870324092
2022-09-05 13:31:38,5812,68.099724,28.88649,2022-09-05T13:31:36.596+0100,True,14,18.80057870324092
2022-09-05 13:31:39,4236808,71.64762,27.573778,2022-09-05T13:31:38.688+0100,True,14,22.495229546452823
2022-09-05 13:31:40,737480,71.64762,27.573778,2022-09-05T13:31:38.688+0100,True,14,22.495229546452823
2022-09-05 13:31:41,8736,76.78277,31.911076,2022-09-05T13:31:40.689+0100,True,14,25.40882312349228
2022-09-05 13:31:42,5500,76.78277,31.911076,2022-09-05T13:31:40.689+0100,True,14,25.40882312349228
2022-09-05 13:31:43,8736,75.99458,32.440212,2022-09-05T13:31:42.733+0100,True,14,24.501564272450523
2022-09-05 13:31:44,5448,75.99458,32.440212,2022-09-05T13:31:42.733+0100,True,14,24.501564272450523
2022-09-05 13:31:45,8684,72.77173,33.273163,2022-09-05T13:31:44.745+0100,True,14,21.175019297015748
2022-09-05 13:31:46,11204,72.77173,33.273163,2022-09-05T13:31:44.745+0100,True,14,21.175019297015748
2022-09-05 13:31:47,3415943,72.79647,33.281414,2022-09-05T13:31:46.828+0100,True,14,21.196341213531547
2022-09-05 13:31:48,5448,72.79647,33.281414,2022-09-05T13:31:46.828+0100,True,14,21.196341213531547
2022-09-05 13:31:49,8681,72.833336,44.02,2022-09-05T13:31:48.860+0100,True,14,20.864638153996733
2022-09-05 13:31:50,5448,72.833336,44.02,2022-09-05T13:31:48.860+0100,True,14,20.864638153996733
2022-09-05 13:31:51,8733,72.833336,44.02,2022-09-05T13:31:50.883+0100,True,14,20.864638153996733
2022-09-05 13:31:52,5448,72.833336,44.02,2022-09-05T13:31:50.883+0100,True,14,20.864638153996733
2022-09-05 13:31:53,8683,74.57725,37.28701,2022-09-05T13:31:52.954+0100,True,14,22.181835919080285
2022-09-05 13:31:54,1532194,74.57725,37.28701,2022-09-05T13:31:52.954+0100,True,14,22.181835919080285
2022-09-05 13:31:55,2301501,80.11667,44.02,2022-09-05T13:31:54.995+0100,True,14,28.011865193865617
2022-09-05 13:31:56,5500,80.11667,44.02,2022-09-05T13:31:54.995+0100,True,14,28.011865193865617
2022-09-05 13:31:57,5448,80.11667,44.02,2022-09-05T13:31:54.995+0100,True,14,28.011865193865617
2022-09-05 13:31:58,8680,80.11667,44.02,2022-09-05T13:31:57.105+0100,True,14,28.011865193865617
2022-09-05 13:31:59,5552,80.11667,44.02,2022-09-05T13:31:57.105+0100,True,14,28.011865193865617
2022-09-05 13:32:00,8732,80.11667,44.02,2022-09-05T13:31:59.114+0100,True,14,28.011865193865617
2022-09-05 13:32:01,8681,72.833336,44.02,2022-09-05T13:32:01.107+0100,True,14,20.864638153996733
2022-09-05 13:32:02,2231274,72.833336,44.02,2022-09-05T13:32:01.107+0100,True,14,20.864638153996733
2022-09-05 13:32:03,1738427,72.833336,44.02,2022-09-05T13:32:01.107+0100,True,14,20.864638153996733
2022-09-05 13:32:04,8732,80.11667,44.02,2022-09-05T13:32:03.109+0100,True,14,28.011865193865617
2022-09-05 13:32:05,5448,80.11667,44.02,2022-09-05T13:32:03.109+0100,True,14,28.011865193865617
2022-09-05 13:32:06,8785,72.833336,44.02,2022-09-05T13:32:05.135+0100,True,14,20.864638153996733
2022-09-05 13:32:07,5500,72.833336,44.02,2022-09-05T13:32:05.135+0100,True,14,20.864638153996733
2022-09-05 13:32:08,8677,65.55,44.02,2022-09-05T13:32:07.248+0100,True,14,13.859852634137203
2022-09-05 13:32:09,5552,65.55,44.02,2022-09-05T13:32:07.248+0100,True,14,13.859852634137203
2022-09-05 13:32:10,4106452,65.55,44.02,2022-09-05T13:32:09.364+0100,True,14,13.859852634137203
2022-09-05 13:32:11,734876,65.55,44.02,2022-09-05T13:32:09.364+0100,True,14,13.859852634137203
2022-09-05 13:32:12,8733,72.833336,44.02,2022-09-05T13:32:11.441+0100,True,14,20.864638153996733
2022-09-05 13:32:13,5448,72.833336,44.02,2022-09-05T13:32:11.441+0100,True,14,20.864638153996733
2022-09-05 13:32:14,8822,72.833336,44.02,2022-09-05T13:32:13.482+0100,True,14,20.864638153996733
2022-09-05 13:32:15,5448,72.833336,44.02,2022-09-05T13:32:13.482+0100,True,14,20.864638153996733
2022-09-05 13:32:16,8733,72.833336,44.02,2022-09-05T13:32:15.641+0100,True,14,20.864638153996733
2022-09-05 13:32:17,5500,72.833336,44.02,2022-09-05T13:32:15.641+0100,True,14,20.864638153996733
2022-09-05 13:32:18,5425004,80.11667,44.02,2022-09-05T13:32:17.648+0100,True,14,28.011865193865617
2022-09-05 13:32:19,5500,80.11667,44.02,2022-09-05T13:32:17.648+0100,True,14,28.011865193865617
2022-09-05 13:32:20,8680,80.11667,44.02,2022-09-05T13:32:19.702+0100,True,14,28.011865193865617
2022-09-05 13:32:21,5500,80.11667,44.02,2022-09-05T13:32:19.702+0100,True,14,28.011865193865617
2022-09-05 13:32:22,8785,72.833336,44.02,2022-09-05T13:32:21.701+0100,True,14,20.864638153996733
2022-09-05 13:32:23,5448,72.833336,44.02,2022-09-05T13:32:21.701+0100,True,14,20.864638153996733
2022-09-05 13:32:24,8785,72.833336,44.02,2022-09-05T13:32:23.789+0100,True,14,20.864638153996733
2022-09-05 13:32:25,852691,72.833336,44.02,2022-09-05T13:32:23.789+0100,True,14,20.864638153996733
2022-09-05 13:32:26,3664717,72.833336,44.02,2022-09-05T13:32:25.792+0100,True,14,20.864638153996733
2022-09-05 13:32:27,5500,72.833336,44.02,2022-09-05T13:32:25.792+0100,True,14,20.864638153996733
2022-09-05 13:32:28,8684,73.635124,39.21157,2022-09-05T13:32:27.871+0100,True,14,21.142278206852644
2022-09-05 13:32:29,5500,73.635124,39.21157,2022-09-05T13:32:27.871+0100,True,14,21.142278206852644
2022-09-05 13:32:30,8683,73.66541,35.65308,2022-09-05T13:32:29.875+0100,True,14,21.49577639167517
2022-09-05 13:32:31,5500,73.66541,35.65308,2022-09-05T13:32:29.875+0100,True,14,21.49577639167517
2022-09-05 13:32:32,8732,80.11667,44.02,2022-09-05T13:32:31.951+0100,True,14,28.011865193865617
2022-09-05 13:32:33,2307483,80.11667,44.02,2022-09-05T13:32:31.951+0100,True,14,28.011865193865617
2022-09-05 13:32:34,1872776,72.833336,44.02,2022-09-05T13:32:33.961+0100,True,14,20.864638153996733
2022-09-05 13:32:35,5448,72.833336,44.02,2022-09-05T13:32:33.961+0100,True,14,20.864638153996733
2022-09-05 13:32:36,9190,75.17619,38.789516,2022-09-05T13:32:35.995+0100,True,14,22.690178538755404
2022-09-05 13:32:37,5500,75.17619,38.789516,2022-09-05T13:32:35.995+0100,True,14,22.690178538755404
2022-09-05 13:32:38,8995,75.59987,39.21044,2022-09-05T13:32:38.076+0100,True,14,23.10698146176821
2022-09-05 13:32:39,5500,75.59987,39.21044,2022-09-05T13:32:38.076+0100,True,14,23.10698146176821
2022-09-05 13:32:40,8733,72.833336,44.02,2022-09-05T13:32:40.162+0100,True,14,20.864638153996733
2022-09-05 13:32:41,5552,72.833336,44.02,2022-09-05T13:32:40.162+0100,True,14,20.864638153996733
2022-09-05 13:32:42,800361,72.833336,44.02,2022-09-05T13:32:42.206+0100,True,14,20.864638153996733
2022-09-05 13:32:43,4068923,72.833336,44.02,2022-09-05T13:32:42.206+0100,True,14,20.864638153996733
2022-09-05 13:32:44,8785,72.833336,44.02,2022-09-05T13:32:44.201+0100,True,14,20.864638153996733
2022-09-05 13:32:45,5500,72.833336,44.02,2022-09-05T13:32:44.201+0100,True,14,20.864638153996733
2022-09-05 13:32:46,8733,72.833336,44.02,2022-09-05T13:32:46.203+0100,True,14,20.864638153996733
2022-09-05 13:32:47,5552,72.833336,44.02,2022-09-05T13:32:46.203+0100,True,14,20.864638153996733
2022-09-05 13:32:48,5396,72.833336,44.02,2022-09-05T13:32:46.203+0100,True,14,20.864638153996733
2022-09-05 13:32:49,8681,72.833336,44.02,2022-09-05T13:32:48.263+0100,True,14,20.864638153996733
2022-09-05 13:32:50,5448,72.833336,44.02,2022-09-05T13:32:48.263+0100,True,14,20.864638153996733
2022-09-05 13:32:51,8734,78.3948,39.56549,2022-09-05T13:32:50.270+0100,True,14,25.90209711428208
2022-09-05 13:32:52,5552,78.3948,39.56549,2022-09-05T13:32:50.270+0100,True,14,25.90209711428208
2022-09-05 13:32:53,8736,74.76494,38.780098,2022-09-05T13:32:52.349+0100,True,14,22.27931307312512
2022-09-05 13:32:54,5589,74.76494,38.780098,2022-09-05T13:32:52.349+0100,True,14,22.27931307312512
2022-09-05 13:32:55,225976,72.833336,44.02,2022-09-05T13:32:54.362+0100,True,14,20.864638153996733
2022-09-05 13:32:56,4110685,72.833336,44.02,2022-09-05T13:32:54.362+0100,True,14,20.864638153996733
2022-09-05 13:32:57,8733,72.833336,44.02,2022-09-05T13:32:56.404+0100,True,14,20.864638153996733
2022-09-05 13:32:59,206527,72.833336,44.02,2022-09-05T13:32:58.412+0100,True,14,20.864638153996733
2022-09-05 13:32:59,20876,72.833336,44.02,2022-09-05T13:32:58.412+0100,True,14,20.864638153996733
2022-09-05 13:33:00,5500,72.833336,44.02,2022-09-05T13:32:58.412+0100,True,14,20.864638153996733
2022-09-05 13:33:01,14558,72.833336,44.02,2022-09-05T13:33:00.515+0100,True,14,20.864638153996733
2022-09-05 13:33:02,5500,72.833336,44.02,2022-09-05T13:33:00.515+0100,True,14,20.864638153996733
2022-09-05 13:33:03,8733,72.833336,44.02,2022-09-05T13:33:02.562+0100,True,14,20.864638153996733
2022-09-05 13:33:05,3527199,72.833336,44.02,2022-09-05T13:33:02.562+0100,True,14,20.864638153996733
2022-09-05 13:33:05,8733,72.833336,44.02,2022-09-05T13:33:04.554+0100,True,14,20.864638153996733
2022-09-05 13:33:06,5552,72.833336,44.02,2022-09-05T13:33:04.554+0100,True,14,20.864638153996733
2022-09-05 13:33:07,8684,75.99317,39.914917,2022-09-05T13:33:06.575+0100,True,14,23.50604512523256
2022-09-05 13:33:08,5448,75.99317,39.914917,2022-09-05T13:33:06.575+0100,True,14,23.50604512523256
2022-09-05 13:33:09,8785,76.7981,39.5576,2022-09-05T13:33:08.561+0100,True,14,24.30538338446856
2022-09-05 13:33:10,2857563,76.7981,39.5576,2022-09-05T13:33:08.561+0100,True,14,24.30538338446856
2022-09-05 13:33:12,8784,80.11667,44.02,2022-09-05T13:33:10.602+0100,True,14,28.011865193865617
2022-09-05 13:33:13,5552,80.11667,44.02,2022-09-05T13:33:10.602+0100,True,14,28.011865193865617
2022-09-05 13:33:13,8681,80.11667,44.02,2022-09-05T13:33:12.605+0100,True,14,28.011865193865617
2022-09-05 13:33:14,5589,80.11667,44.02,2022-09-05T13:33:12.605+0100,True,14,28.011865193865617
2022-09-05 13:33:15,696813,80.11667,44.02,2022-09-05T13:33:14.632+0100,True,14,28.011865193865617
2022-09-05 13:33:17,4437987,80.11667,44.02,2022-09-05T13:33:14.632+0100,True,14,28.011865193865617
2022-09-05 13:33:17,8732,80.11667,44.02,2022-09-05T13:33:16.700+0100,True,14,28.011865193865617
2022-09-05 13:33:18,5448,80.11667,44.02,2022-09-05T13:33:16.700+0100,True,14,28.011865193865617
2022-09-05 13:33:19,8733,72.833336,44.02,2022-09-05T13:33:18.745+0100,True,14,20.864638153996733
2022-09-05 13:33:20,5396,72.833336,44.02,2022-09-05T13:33:18.745+0100,True,14,20.864638153996733
2022-09-05 13:33:21,8733,72.833336,44.02,2022-09-05T13:33:20.748+0100,True,14,20.864638153996733
2022-09-05 13:33:23,5552,72.833336,44.02,2022-09-05T13:33:20.748+0100,True,14,20.864638153996733
2022-09-05 13:33:23,8681,72.833336,44.02,2022-09-05T13:33:22.845+0100,True,14,20.864638153996733
2022-09-05 13:33:24,5552,72.833336,44.02,2022-09-05T13:33:22.845+0100,True,14,20.864638153996733
2022-09-05 13:33:25,8629,72.833336,44.02,2022-09-05T13:33:24.842+0100,True,14,20.864638153996733
2022-09-05 13:33:27,5903,72.833336,44.02,2022-09-05T13:33:24.842+0100,True,14,20.864638153996733
2022-09-05 13:33:28,8785,72.833336,44.02,2022-09-05T13:33:26.896+0100,True,14,20.864638153996733
2022-09-05 13:33:29,2223626,72.833336,44.02,2022-09-05T13:33:26.896+0100,True,14,20.864638153996733
2022-09-05 13:33:29,2189957,72.833336,44.02,2022-09-05T13:33:28.904+0100,True,14,20.864638153996733
2022-09-05 13:33:30,5448,72.833336,44.02,2022-09-05T13:33:28.904+0100,True,14,20.864638153996733
2022-09-05 13:33:32,8784,80.11667,44.02,2022-09-05T13:33:31.000+0100,True,14,28.011865193865617
2022-09-05 13:33:33,5552,80.11667,44.02,2022-09-05T13:33:31.000+0100,True,14,28.011865193865617
2022-09-05 13:33:33,8732,80.11667,44.02,2022-09-05T13:33:32.991+0100,True,14,28.011865193865617
2022-09-05 13:33:35,5589,80.11667,44.02,2022-09-05T13:33:32.991+0100,True,14,28.011865193865617
2022-09-05 13:33:35,8680,80.11667,44.02,2022-09-05T13:33:35.042+0100,True,14,28.011865193865617
2022-09-05 13:33:37,5552,80.11667,44.02,2022-09-05T13:33:35.042+0100,True,14,28.011865193865617
2022-09-05 13:33:38,9044,80.11667,44.02,2022-09-05T13:33:37.055+0100,True,14,28.011865193865617
2022-09-05 13:33:39,20908,80.11667,44.02,2022-09-05T13:33:37.055+0100,True,14,28.011865193865617
2022-09-05 13:33:39,5262058,80.11667,44.02,2022-09-05T13:33:39.160+0100,True,14,28.011865193865617
2022-09-05 13:33:41,5448,80.11667,44.02,2022-09-05T13:33:39.160+0100,True,14,28.011865193865617
2022-09-05 13:33:42,8737,79.990425,39.990337,2022-09-05T13:33:41.161+0100,True,14,27.50397976359556
2022-09-05 13:33:43,5552,79.990425,39.990337,2022-09-05T13:33:41.161+0100,True,14,27.50397976359556
2022-09-05 13:33:44,8683,79.19261,37.98904,2022-09-05T13:33:43.213+0100,True,14,26.73486394524012
2022-09-05 13:33:45,5500,79.19261,37.98904,2022-09-05T13:33:43.213+0100,True,14,26.73486394524012
2022-09-05 13:33:46,8735,78.79181,39.57545,2022-09-05T13:33:45.203+0100,True,14,26.299171878479367
2022-09-05 13:33:47,5500,78.79181,39.57545,2022-09-05T13:33:45.203+0100,True,14,26.299171878479367
2022-09-05 13:33:48,8732,80.11667,44.02,2022-09-05T13:33:47.306+0100,True,14,28.011865193865617
2022-09-05 13:33:49,4280184,80.11667,44.02,2022-09-05T13:33:47.306+0100,True,14,28.011865193865617
2022-09-05 13:33:50,1192270,80.11667,44.02,2022-09-05T13:33:47.306+0100,True,14,28.011865193865617
2022-09-05 13:33:51,8736,77.19124,39.632496,2022-09-05T13:33:49.470+0100,True,14,24.6991940556176
2022-09-05 13:33:52,9237,77.193985,39.595535,2022-09-05T13:33:51.484+0100,True,14,24.701573902366015
2022-09-05 13:33:53,5500,77.193985,39.595535,2022-09-05T13:33:51.484+0100,True,14,24.701573902366015
2022-09-05 13:33:54,5500,77.193985,39.595535,2022-09-05T13:33:51.484+0100,True,14,24.701573902366015
2022-09-05 13:33:55,8822,72.833336,44.02,2022-09-05T13:33:53.552+0100,True,14,20.864638153996733
2022-09-05 13:33:56,5500,72.833336,44.02,2022-09-05T13:33:53.552+0100,True,14,20.864638153996733
2022-09-05 13:33:57,8748,75.18985,39.562782,2022-09-05T13:33:55.553+0100,True,14,22.69722804548838
2022-09-05 13:33:58,5552,75.18985,39.562782,2022-09-05T13:33:55.553+0100,True,14,22.69722804548838
2022-09-05 13:33:59,8696,69.54774,31.547615,2022-09-05T13:33:57.561+0100,True,14,18.762731868420047
2022-09-05 13:34:00,5552,69.54774,31.547615,2022-09-05T13:33:57.561+0100,True,14,18.762731868420047
2022-09-05 13:34:01,8696,70.76024,31.143946,2022-09-05T13:33:59.557+0100,True,14,20.03360334103568
2022-09-05 13:34:02,11911,70.81108,32.779602,2022-09-05T13:34:01.558+0100,True,14,19.467160435926044
2022-09-05 13:34:03,5552,70.81108,32.779602,2022-09-05T13:34:01.558+0100,True,14,19.467160435926044
2022-09-05 13:34:04,2111764,72.41522,32.842617,2022-09-05T13:34:03.559+0100,True,14,20.963899722732155
2022-09-05 13:34:05,3171597,72.41522,32.842617,2022-09-05T13:34:03.559+0100,True,14,20.963899722732155
2022-09-05 13:34:06,5448,72.41522,32.842617,2022-09-05T13:34:03.559+0100,True,14,20.963899722732155
2022-09-05 13:34:07,8748,66.80598,28.422054,2022-09-05T13:34:05.568+0100,True,14,18.019658003088637
2022-09-05 13:34:08,5552,66.80598,28.422054,2022-09-05T13:34:05.568+0100,True,14,18.019658003088637
2022-09-05 13:34:09,8696,72.352425,32.75814,2022-09-05T13:34:07.596+0100,True,14,20.930767682859244
2022-09-05 13:34:10,5500,72.352425,32.75814,2022-09-05T13:34:07.596+0100,True,14,20.930767682859244
2022-09-05 13:34:11,8697,71.998825,32.766552,2022-09-05T13:34:09.638+0100,True,14,20.59287804181361
2022-09-05 13:34:12,8800,71.635124,35.24999,2022-09-05T13:34:11.642+0100,True,14,19.580071704770543
2022-09-05 13:34:13,5500,71.635124,35.24999,2022-09-05T13:34:11.642+0100,True,14,19.580071704770543
2022-09-05 13:34:14,5448,71.635124,35.24999,2022-09-05T13:34:11.642+0100,True,14,19.580071704770543
2022-09-05 13:34:15,8837,72.47418,37.326744,2022-09-05T13:34:13.687+0100,True,14,20.084949413839613
2022-09-05 13:34:16,5448,72.47418,37.326744,2022-09-05T13:34:13.687+0100,True,14,20.084949413839613
2022-09-05 13:34:17,14725,80.11667,44.02,2022-09-05T13:34:15.744+0100,True,14,28.011865193865617
2022-09-05 13:34:18,5500,80.11667,44.02,2022-09-05T13:34:15.744+0100,True,14,28.011865193865617
2022-09-05 13:34:19,2747206,80.11667,44.02,2022-09-05T13:34:17.798+0100,True,14,28.011865193865617
2022-09-05 13:34:20,1758197,80.11667,44.02,2022-09-05T13:34:17.798+0100,True,14,28.011865193865617
2022-09-05 13:34:21,8692,80.11667,44.02,2022-09-05T13:34:19.807+0100,True,14,28.011865193865617
2022-09-05 13:34:22,5500,80.11667,44.02,2022-09-05T13:34:19.807+0100,True,14,28.011865193865617
2022-09-05 13:34:23,8744,80.11667,44.02,2022-09-05T13:34:21.892+0100,True,14,28.011865193865617
2022-09-05 13:34:24,5500,80.11667,44.02,2022-09-05T13:34:21.892+0100,True,14,28.011865193865617
2022-09-05 13:34:25,8744,80.11667,44.02,2022-09-05T13:34:23.898+0100,True,14,28.011865193865617
2022-09-05 13:34:26,5448,80.11667,44.02,2022-09-05T13:34:23.898+0100,True,14,28.011865193865617
2022-09-05 13:34:27,8797,72.833336,44.02,2022-09-05T13:34:25.926+0100,True,14,20.864638153996733
2022-09-05 13:34:28,5500,72.833336,44.02,2022-09-05T13:34:25.926+0100,True,14,20.864638153996733
2022-09-05 13:34:29,2086264,72.833336,44.02,2022-09-05T13:34:27.920+0100,True,14,20.864638153996733
2022-09-05 13:34:30,1360248,72.833336,44.02,2022-09-05T13:34:27.920+0100,True,14,20.864638153996733
2022-09-05 13:34:31,8693,72.833336,44.02,2022-09-05T13:34:30.038+0100,True,14,20.864638153996733
2022-09-05 13:34:32,5500,72.833336,44.02,2022-09-05T13:34:30.038+0100,True,14,20.864638153996733
2022-09-05 13:34:33,8797,72.833336,44.02,2022-09-05T13:34:32.050+0100,True,14,20.864638153996733
2022-09-05 13:34:34,5448,72.833336,44.02,2022-09-05T13:34:32.050+0100,True,14,20.864638153996733
2022-09-05 13:34:35,9045,80.11667,44.02,2022-09-05T13:34:34.118+0100,True,14,28.011865193865617
2022-09-05 13:34:36,5500,80.11667,44.02,2022-09-05T13:34:34.118+0100,True,14,28.011865193865617
2022-09-05 13:34:37,4188847,80.11667,44.02,2022-09-05T13:34:36.121+0100,True,14,28.011865193865617
2022-09-05 13:34:38,235657,80.11667,44.02,2022-09-05T13:34:36.121+0100,True,14,28.011865193865617
2022-09-05 13:34:39,8692,80.11667,44.02,2022-09-05T13:34:38.204+0100,True,14,28.011865193865617
2022-09-05 13:34:40,5552,80.11667,44.02,2022-09-05T13:34:38.204+0100,True,14,28.011865193865617
2022-09-05 13:34:41,8744,80.11667,44.02,2022-09-05T13:34:40.223+0100,True,14,28.011865193865617
2022-09-05 13:34:42,6159,80.11667,44.02,2022-09-05T13:34:40.223+0100,True,14,28.011865193865617
2022-09-05 13:34:43,8796,80.11667,44.02,2022-09-05T13:34:42.259+0100,True,14,28.011865193865617
2022-09-05 13:34:44,5500,80.11667,44.02,2022-09-05T13:34:42.259+0100,True,14,28.011865193865617
2022-09-05 13:34:45,2499074,80.11667,44.02,2022-09-05T13:34:44.307+0100,True,14,28.011865193865617
2022-09-05 13:34:46,2065012,80.11667,44.02,2022-09-05T13:34:44.307+0100,True,14,28.011865193865617
2022-09-05 13:34:47,8796,80.11667,44.02,2022-09-05T13:34:46.365+0100,True,14,28.011865193865617
2022-09-05 13:34:48,5552,80.11667,44.02,2022-09-05T13:34:46.365+0100,True,14,28.011865193865617
2022-09-05 13:34:49,8744,80.11667,44.02,2022-09-05T13:34:48.368+0100,True,14,28.011865193865617
2022-09-05 13:34:50,5448,80.11667,44.02,2022-09-05T13:34:48.368+0100,True,14,28.011865193865617
2022-09-05 13:34:51,8744,80.11667,44.02,2022-09-05T13:34:50.393+0100,True,14,28.011865193865617
2022-09-05 13:34:52,5500,80.11667,44.02,2022-09-05T13:34:50.393+0100,True,14,28.011865193865617
2022-09-05 13:34:53,2224028,80.11667,44.02,2022-09-05T13:34:52.408+0100,True,14,28.011865193865617
2022-09-05 13:34:54,3654402,80.11667,44.02,2022-09-05T13:34:52.408+0100,True,14,28.011865193865617
2022-09-05 13:34:55,8729,80.11667,44.02,2022-09-05T13:34:54.516+0100,True,14,28.011865193865617
2022-09-05 13:34:56,5500,80.11667,44.02,2022-09-05T13:34:54.516+0100,True,14,28.011865193865617
2022-09-05 13:34:57,8692,80.11667,44.02,2022-09-05T13:34:56.517+0100,True,14,28.011865193865617
2022-09-05 13:34:58,5500,80.11667,44.02,2022-09-05T13:34:56.517+0100,True,14,28.011865193865617
2022-09-05 13:34:59,8744,80.11667,44.02,2022-09-05T13:34:58.598+0100,True,14,28.011865193865617
2022-09-05 13:35:00,5448,80.11667,44.02,2022-09-05T13:34:58.598+0100,True,14,28.011865193865617
2022-09-05 13:35:01,8797,80.11667,44.02,2022-09-05T13:35:00.626+0100,True,14,28.011865193865617
2022-09-05 13:35:02,8893,80.11667,44.02,2022-09-05T13:35:00.626+0100,True,14,28.011865193865617
2022-09-05 13:35:03,8744,80.11667,44.02,2022-09-05T13:35:02.658+0100,True,14,28.011865193865617
2022-09-05 13:35:04,5448,80.11667,44.02,2022-09-05T13:35:02.658+0100,True,14,28.011865193865617
2022-09-05 13:35:05,5105367,80.11667,44.02,2022-09-05T13:35:04.661+0100,True,14,28.011865193865617
2022-09-05 13:35:06,5552,80.11667,44.02,2022-09-05T13:35:04.661+0100,True,14,28.011865193865617
2022-09-05 13:35:07,5949,80.11667,44.02,2022-09-05T13:35:04.661+0100,True,14,28.011865193865617
2022-09-05 13:35:08,8744,80.11667,44.02,2022-09-05T13:35:06.752+0100,True,14,28.011865193865617
2022-09-05 13:35:09,8744,80.11667,44.02,2022-09-05T13:35:08.764+0100,True,14,28.011865193865617
2022-09-05 13:35:10,5500,80.11667,44.02,2022-09-05T13:35:08.764+0100,True,14,28.011865193865617
2022-09-05 13:35:11,5500,80.11667,44.02,2022-09-05T13:35:08.764+0100,True,14,28.011865193865617
2022-09-05 13:35:12,8692,80.11667,44.02,2022-09-05T13:35:10.809+0100,True,14,28.011865193865617
2022-09-05 13:35:13,9309,80.11667,44.02,2022-09-05T13:35:12.814+0100,True,14,28.011865193865617
2022-09-05 13:35:14,5552,80.11667,44.02,2022-09-05T13:35:12.814+0100,True,14,28.011865193865617
2022-09-05 13:35:15,5589,80.11667,44.02,2022-09-05T13:35:12.814+0100,True,14,28.011865193865617
2022-09-05 13:35:16,8692,80.11667,44.02,2022-09-05T13:35:14.920+0100,True,14,28.011865193865617
2022-09-05 13:35:17,1261934,80.11667,44.02,2022-09-05T13:35:14.920+0100,True,14,28.011865193865617
2022-09-05 13:35:18,2189498,80.11667,44.02,2022-09-05T13:35:17.085+0100,True,14,28.011865193865617
2022-09-05 13:35:19,5500,80.11667,44.02,2022-09-05T13:35:17.085+0100,True,14,28.011865193865617
2022-09-05 13:35:20,8796,80.11667,44.02,2022-09-05T13:35:19.087+0100,True,14,28.011865193865617
2022-09-05 13:35:21,5448,80.11667,44.02,2022-09-05T13:35:19.087+0100,True,14,28.011865193865617
2022-09-05 13:35:22,8744,80.11667,44.02,2022-09-05T13:35:21.137+0100,True,14,28.011865193865617
2022-09-05 13:35:23,5500,80.11667,44.02,2022-09-05T13:35:21.137+0100,True,14,28.011865193865617
2022-09-05 13:35:24,8744,80.11667,44.02,2022-09-05T13:35:23.151+0100,True,14,28.011865193865617
2022-09-05 13:35:25,5552,80.11667,44.02,2022-09-05T13:35:23.151+0100,True,14,28.011865193865617
2022-09-05 13:35:26,2426072,80.11667,44.02,2022-09-05T13:35:25.232+0100,True,14,28.011865193865617
2022-09-05 13:35:27,2492820,80.11667,44.02,2022-09-05T13:35:25.232+0100,True,14,28.011865193865617
2022-09-05 13:35:28,8744,80.11667,44.02,2022-09-05T13:35:27.239+0100,True,14,28.011865193865617
2022-09-05 13:35:29,5500,80.11667,44.02,2022-09-05T13:35:27.239+0100,True,14,28.011865193865617
2022-09-05 13:35:30,8745,80.11667,44.02,2022-09-05T13:35:29.295+0100,True,14,28.011865193865617
2022-09-05 13:35:31,5313,80.11667,44.02,2022-09-05T13:35:29.295+0100,True,14,28.011865193865617
2022-09-05 13:35:32,14910,80.11667,44.02,2022-09-05T13:35:31.290+0100,True,14,28.011865193865617
2022-09-05 13:35:33,8549,80.11667,44.02,2022-09-05T13:35:31.290+0100,True,14,28.011865193865617
2022-09-05 13:35:34,8692,80.11667,44.02,2022-09-05T13:35:33.368+0100,True,14,28.011865193865617
2022-09-05 13:35:35,5589,80.11667,44.02,2022-09-05T13:35:33.368+0100,True,14,28.011865193865617
2022-09-05 13:35:36,8745,72.833336,44.02,2022-09-05T13:35:35.395+0100,True,14,20.864638153996733
2022-09-05 13:35:37,2499103,72.833336,44.02,2022-09-05T13:35:35.395+0100,True,14,20.864638153996733
2022-09-05 13:35:38,3119444,72.833336,44.02,2022-09-05T13:35:37.460+0100,True,14,20.864638153996733
2022-09-05 13:35:39,5448,72.833336,44.02,2022-09-05T13:35:37.460+0100,True,14,20.864638153996733
2022-09-05 13:35:40,8797,72.833336,44.02,2022-09-05T13:35:39.442+0100,True,14,20.864638153996733
2022-09-05 13:35:41,5500,72.833336,44.02,2022-09-05T13:35:39.442+0100,True,14,20.864638153996733
2022-09-05 13:35:42,8745,72.833336,44.02,2022-09-05T13:35:41.448+0100,True,14,20.864638153996733
2022-09-05 13:35:43,5448,72.833336,44.02,2022-09-05T13:35:41.448+0100,True,14,20.864638153996733
2022-09-05 13:35:44,8745,72.833336,44.02,2022-09-05T13:35:43.507+0100,True,14,20.864638153996733
2022-09-05 13:35:45,5500,72.833336,44.02,2022-09-05T13:35:43.507+0100,True,14,20.864638153996733
2022-09-05 13:35:46,8796,80.11667,44.02,2022-09-05T13:35:45.677+0100,True,14,28.011865193865617
2022-09-05 13:35:47,5448,80.11667,44.02,2022-09-05T13:35:45.677+0100,True,14,28.011865193865617
2022-09-05 13:35:48,8745,72.833336,44.02,2022-09-05T13:35:47.826+0100,True,14,20.864638153996733
2022-09-05 13:35:49,6199270,72.833336,44.02,2022-09-05T13:35:47.826+0100,True,14,20.864638153996733
2022-09-05 13:35:50,8931,80.11667,44.02,2022-09-05T13:35:49.835+0100,True,14,28.011865193865617
2022-09-05 13:35:51,5552,80.11667,44.02,2022-09-05T13:35:49.835+0100,True,14,28.011865193865617
2022-09-05 13:35:52,8744,80.11667,44.02,2022-09-05T13:35:51.875+0100,True,14,28.011865193865617
2022-09-05 13:35:53,5552,80.11667,44.02,2022-09-05T13:35:51.875+0100,True,14,28.011865193865617
2022-09-05 13:35:54,5537,80.11667,44.02,2022-09-05T13:35:51.875+0100,True,14,28.011865193865617
2022-09-05 13:35:55,8796,80.11667,44.02,2022-09-05T13:35:53.909+0100,True,14,28.011865193865617
2022-09-05 13:35:56,5500,80.11667,44.02,2022-09-05T13:35:53.909+0100,True,14,28.011865193865617
2022-09-05 13:35:57,9251,80.11667,44.02,2022-09-05T13:35:55.931+0100,True,14,28.011865193865617
2022-09-05 13:35:58,5500,80.11667,44.02,2022-09-05T13:35:55.931+0100,True,14,28.011865193865617
2022-09-05 13:35:59,143066,80.11667,44.02,2022-09-05T13:35:57.978+0100,True,14,28.011865193865617
2022-09-05 13:36:00,6109786,80.11667,44.02,2022-09-05T13:35:57.978+0100,True,14,28.011865193865617
2022-09-05 13:36:01,8985,80.11667,44.02,2022-09-05T13:36:00.028+0100,True,14,28.011865193865617
2022-09-05 13:36:02,5500,80.11667,44.02,2022-09-05T13:36:00.028+0100,True,14,28.011865193865617
2022-09-05 13:36:03,8692,80.11667,44.02,2022-09-05T13:36:02.033+0100,True,14,28.011865193865617
2022-09-05 13:36:04,5500,80.11667,44.02,2022-09-05T13:36:02.033+0100,True,14,28.011865193865617
2022-09-05 13:36:05,8692,80.11667,44.02,2022-09-05T13:36:04.135+0100,True,14,28.011865193865617
2022-09-05 13:36:06,5396,80.11667,44.02,2022-09-05T13:36:04.135+0100,True,14,28.011865193865617
2022-09-05 13:36:07,8744,80.11667,44.02,2022-09-05T13:36:06.128+0100,True,14,28.011865193865617
2022-09-05 13:36:08,5448,80.11667,44.02,2022-09-05T13:36:06.128+0100,True,14,28.011865193865617
2022-09-05 13:36:09,8744,80.11667,44.02,2022-09-05T13:36:08.178+0100,True,14,28.011865193865617
2022-09-05 13:36:10,5448,80.11667,44.02,2022-09-05T13:36:08.178+0100,True,14,28.011865193865617
2022-09-05 13:36:11,8692,80.11667,44.02,2022-09-05T13:36:10.191+0100,True,14,28.011865193865617
2022-09-05 13:36:12,5448,80.11667,44.02,2022-09-05T13:36:10.191+0100,True,14,28.011865193865617
2022-09-05 13:36:13,11995,80.11667,44.02,2022-09-05T13:36:12.272+0100,True,14,28.011865193865617
2022-09-05 13:36:14,5589,80.11667,44.02,2022-09-05T13:36:12.272+0100,True,14,28.011865193865617
2022-09-05 13:36:15,2030995,80.11667,44.02,2022-09-05T13:36:14.280+0100,True,14,28.011865193865617
2022-09-05 13:36:16,4307637,80.11667,44.02,2022-09-05T13:36:14.280+0100,True,14,28.011865193865617
2022-09-05 13:36:17,8744,80.11667,44.02,2022-09-05T13:36:16.349+0100,True,14,28.011865193865617
2022-09-05 13:36:18,5552,80.11667,44.02,2022-09-05T13:36:16.349+0100,True,14,28.011865193865617
2022-09-05 13:36:19,8744,80.11667,44.02,2022-09-05T13:36:18.344+0100,True,14,28.011865193865617
2022-09-05 13:36:20,5552,80.11667,44.02,2022-09-05T13:36:18.344+0100,True,14,28.011865193865617
2022-09-05 13:36:21,9086,80.11667,44.02,2022-09-05T13:36:20.362+0100,True,14,28.011865193865617
2022-09-05 13:36:22,5607,80.11667,44.02,2022-09-05T13:36:20.362+0100,True,14,28.011865193865617
2022-09-05 13:36:23,8744,80.11667,44.02,2022-09-05T13:36:22.363+0100,True,14,28.011865193865617
2022-09-05 13:36:24,5500,80.11667,44.02,2022-09-05T13:36:22.363+0100,True,14,28.011865193865617
2022-09-05 13:36:25,8796,80.11667,44.02,2022-09-05T13:36:24.373+0100,True,14,28.011865193865617
2022-09-05 13:36:26,5448,80.11667,44.02,2022-09-05T13:36:24.373+0100,True,14,28.011865193865617
2022-09-05 13:36:27,8643,80.88358,29.47429,2022-09-05T13:36:26.366+0100,True,14,30.065373919904932
2022-09-05 13:36:29,2642507,83.99653,25.28347,2022-09-05T13:36:28.367+0100,True,14,34.50908953942715
2022-09-05 13:36:29,1823324,83.99653,25.28347,2022-09-05T13:36:28.367+0100,True,14,34.50908953942715
2022-09-05 13:36:30,1644616,83.99653,25.28347,2022-09-05T13:36:28.367+0100,True,14,34.50908953942715
2022-09-05 13:36:31,8696,78.20064,20.583845,2022-09-05T13:36:30.394+0100,True,14,31.83995535981835
2022-09-05 13:36:32,5448,78.20064,20.583845,2022-09-05T13:36:30.394+0100,True,14,31.83995535981835
2022-09-05 13:36:33,12943,74.41914,28.638733,2022-09-05T13:36:32.440+0100,True,14,24.41102474138292
2022-09-05 13:36:34,5537,74.41914,28.638733,2022-09-05T13:36:32.440+0100,True,14,24.41102474138292
2022-09-05 14:51:00,8644,67.192604,14.826559,2022-09-05T14:50:59.652+0100,True,15,11.528366558725352
2022-09-05 14:51:01,5537,67.192604,14.826559,2022-09-05T14:50:59.652+0100,True,15,11.528366558725352
2022-09-05 14:51:02,9007,67.19673,14.004044,2022-09-05T14:51:01.675+0100,True,15,12.344200842738909
2022-09-05 14:51:03,2380152,67.19673,14.004044,2022-09-05T14:51:01.675+0100,True,15,12.344200842738909
2022-09-05 14:51:04,3513319,66.797806,16.413969,2022-09-05T14:51:03.689+0100,True,15,9.90342200454151
2022-09-05 14:51:05,324731,66.797806,16.413969,2022-09-05T14:51:03.689+0100,True,15,9.90342200454151
2022-09-05 14:51:06,8745,65.99588,19.6272,2022-09-05T14:51:05.699+0100,True,15,6.630365500996158
2022-09-05 14:51:07,5500,65.99588,19.6272,2022-09-05T14:51:05.699+0100,True,15,6.630365500996158
2022-09-05 14:51:08,8748,65.994545,19.622871,2022-09-05T14:51:07.794+0100,True,15,6.634611281742586
2022-09-05 14:51:09,5500,65.994545,19.622871,2022-09-05T14:51:07.794+0100,True,15,6.634611281742586
2022-09-05 14:51:10,8696,65.994545,19.219944,2022-09-05T14:51:09.826+0100,True,15,7.036922071417373
2022-09-05 14:51:12,4250434,65.994545,19.219944,2022-09-05T14:51:09.826+0100,True,15,7.036922071417373
2022-09-05 14:51:12,1069100,66.006836,19.554611,2022-09-05T14:51:11.841+0100,True,15,6.70346559245119
2022-09-05 14:51:13,5552,66.006836,19.554611,2022-09-05T14:51:11.841+0100,True,15,6.70346559245119
2022-09-05 14:51:14,14605,66.41259,17.148813,2022-09-05T14:51:13.842+0100,True,15,9.132644387292707
2022-09-05 14:51:15,5448,66.41259,17.148813,2022-09-05T14:51:13.842+0100,True,15,9.132644387292707
2022-09-05 14:51:16,8748,67.20766,13.9767885,2022-09-05T14:51:15.874+0100,True,15,12.372633291029532
2022-09-05 14:51:17,5552,67.20766,13.9767885,2022-09-05T14:51:15.874+0100,True,15,12.372633291029532
2022-09-05 14:51:18,588192,67.20082,14.000001,2022-09-05T14:51:17.954+0100,True,15,12.348734575872989
2022-09-05 14:51:19,3774322,67.20082,14.000001,2022-09-05T14:51:17.954+0100,True,15,12.348734575872989
2022-09-05 14:51:20,2068680,67.192604,13.218611,2022-09-05T14:51:20.054+0100,True,15,13.123062994678378
2022-09-05 14:51:21,8837,67.192604,13.218611,2022-09-05T14:51:20.054+0100,True,15,13.123062994678378
2022-09-05 14:51:22,8747,66.79235,14.008168,2022-09-05T14:51:22.086+0100,True,15,12.294879944887793
2022-09-05 14:51:23,5448,66.79235,14.008168,2022-09-05T14:51:22.086+0100,True,15,12.294879944887793
2022-09-05 14:51:24,5500,66.79235,14.008168,2022-09-05T14:51:22.086+0100,True,15,12.294879944887793
2022-09-05 14:51:25,8694,66.3948,15.209066,2022-09-05T14:51:24.099+0100,True,15,11.06503907917708
2022-09-05 14:51:26,1181858,66.40439,15.191234,2022-09-05T14:51:26.111+0100,True,15,11.083504351255336
2022-09-05 14:51:27,3283760,66.40439,15.191234,2022-09-05T14:51:26.111+0100,True,15,11.083504351255336
2022-09-05 14:51:28,1777770,66.40439,15.191234,2022-09-05T14:51:26.111+0100,True,15,11.083504351255336
2022-09-05 14:51:29,8696,66.807396,13.993126,2022-09-05T14:51:28.189+0100,True,15,12.311299068418895
2022-09-05 14:51:30,5500,66.807396,13.993126,2022-09-05T14:51:28.189+0100,True,15,12.311299068418895
2022-09-05 14:51:31,8747,67.20766,13.587449,2022-09-05T14:51:30.303+0100,True,15,12.758839202335023
2022-09-05 14:51:32,5500,67.20766,13.587449,2022-09-05T14:51:30.303+0100,True,15,12.758839202335023
2022-09-05 14:51:33,8747,67.60521,11.162481,2022-09-05T14:51:32.319+0100,True,15,15.214731037294776
2022-09-05 14:51:34,5500,67.60521,11.162481,2022-09-05T14:51:32.319+0100,True,15,15.214731037294776
2022-09-05 14:51:35,8508,67.59562,11.198107,2022-09-05T14:51:34.382+0100,True,15,15.178158050836371
2022-09-05 14:51:36,2344961,67.59562,11.198107,2022-09-05T14:51:34.382+0100,True,15,15.178158050836371
2022-09-05 14:51:37,3820000,66.788216,15.251568,2022-09-05T14:51:36.436+0100,True,15,11.057376856567746
2022-09-05 14:51:38,5500,66.788216,15.251568,2022-09-05T14:51:36.436+0100,True,15,11.057376856567746
2022-09-05 14:51:39,9155,65.98496,19.286951,2022-09-05T14:51:38.542+0100,True,15,6.969499717982706
2022-09-05 14:51:40,5396,65.98496,19.286951,2022-09-05T14:51:38.542+0100,True,15,6.969499717982706
2022-09-05 14:51:41,8649,65.59154,20.868858,2022-09-05T14:51:40.592+0100,True,15,5.37792132321067
2022-09-05 14:51:42,5635,65.59154,20.868858,2022-09-05T14:51:40.592+0100,True,15,5.37792132321067
2022-09-05 14:51:43,8696,66.010956,20.752598,2022-09-05T14:51:42.632+0100,True,15,5.508242505847033
2022-09-05 14:51:44,5448,66.010956,20.752598,2022-09-05T14:51:42.632+0100,True,15,5.508242505847033
2022-09-05 14:51:45,8644,66.336555,19.574183,2022-09-05T14:51:44.717+0100,True,15,6.711244093042213
2022-09-05 14:51:47,1848207,66.336555,19.574183,2022-09-05T14:51:44.717+0100,True,15,6.711244093042213
2022-09-05 14:51:47,2353932,67.17272,14.5471525,2022-09-05T14:51:46.792+0100,True,15,11.802574580719932
2022-09-05 14:51:48,1184364,67.17272,14.5471525,2022-09-05T14:51:46.792+0100,True,15,11.802574580719932
2022-09-05 14:51:49,8747,67.57789,11.679787,2022-09-05T14:51:48.812+0100,True,15,14.698347220507106
2022-09-05 14:51:50,5448,67.57789,11.679787,2022-09-05T14:51:48.812+0100,True,15,14.698347220507106
2022-09-05 14:51:51,8747,67.56653,11.313371,2022-09-05T14:51:50.823+0100,True,15,15.060091614220047
2022-09-05 14:51:52,5552,67.56653,11.313371,2022-09-05T14:51:50.823+0100,True,15,15.060091614220047
2022-09-05 14:51:53,8747,67.15638,13.381659,2022-09-05T14:51:52.862+0100,True,15,12.95685537119717
2022-09-05 14:51:54,5500,67.15638,13.381659,2022-09-05T14:51:52.862+0100,True,15,12.95685537119717
2022-09-05 14:51:55,8696,67.202194,13.603826,2022-09-05T14:51:54.946+0100,True,15,12.741908916268082
2022-09-05 14:51:56,5448,67.202194,13.603826,2022-09-05T14:51:54.946+0100,True,15,12.741908916268082
2022-09-05 14:51:57,254183,66.80409,15.587733,2022-09-05T14:51:56.943+0100,True,15,10.724908456964515
2022-09-05 14:51:59,2783186,66.80409,15.587733,2022-09-05T14:51:56.943+0100,True,15,10.724908456964515
2022-09-05 14:51:59,726180,67.20191,14.394258,2022-09-05T14:51:58.942+0100,True,15,11.957985999889113
2022-09-05 14:52:00,5448,67.20191,14.394258,2022-09-05T14:51:58.942+0100,True,15,11.957985999889113
2022-09-05 14:52:01,8784,67.19536,14.413927,2022-09-05T14:52:00.951+0100,True,15,11.937622956621182
2022-09-05 14:52:02,1878656,67.19536,14.413927,2022-09-05T14:52:00.951+0100,True,15,11.937622956621182
2022-09-05 14:52:03,2187988,67.19945,14.401674,2022-09-05T14:52:02.990+0100,True,15,11.95030944221178
2022-09-05 14:52:04,6006,67.19945,14.401674,2022-09-05T14:52:02.990+0100,True,15,11.95030944221178
2022-09-05 14:52:05,8695,67.20494,14.789559,2022-09-05T14:52:04.995+0100,True,15,11.566707692317678
2022-09-05 14:52:06,5396,67.20494,14.789559,2022-09-05T14:52:04.995+0100,True,15,11.566707692317678
2022-09-05 14:52:07,8800,67.602455,13.595658,2022-09-05T14:52:07.087+0100,True,15,12.805943756977422
2022-09-05 14:52:08,5500,67.602455,13.595658,2022-09-05T14:52:07.087+0100,True,15,12.805943756977422
2022-09-05 14:52:09,1612003,67.60521,13.584658,2022-09-05T14:52:09.149+0100,True,15,12.817237940365468
2022-09-05 14:52:10,2721018,67.60521,13.584658,2022-09-05T14:52:09.149+0100,True,15,12.817237940365468
2022-09-05 14:52:11,1006061,67.60521,13.584658,2022-09-05T14:52:09.149+0100,True,15,12.817237940365468
2022-09-05 14:52:12,8740,68.0,12.39755,2022-09-05T14:52:11.192+0100,True,15,14.052727561897012
2022-09-05 14:52:13,5448,68.0,12.39755,2022-09-05T14:52:11.192+0100,True,15,14.052727561897012
2022-09-05 14:52:14,8739,68.0,12.3948,2022-09-05T14:52:13.290+0100,True,15,14.05543773514009
2022-09-05 14:52:15,5448,68.0,12.3948,2022-09-05T14:52:13.290+0100,True,15,14.05543773514009
2022-09-05 14:52:16,8741,68.0,11.191233,2022-09-05T14:52:15.351+0100,True,15,15.242943647706928
2022-09-05 14:52:18,918590,68.0,10.385215,2022-09-05T14:52:17.356+0100,True,15,16.03954435465749
2022-09-05 14:52:19,2648361,68.0,10.385215,2022-09-05T14:52:17.356+0100,True,15,16.03954435465749
2022-09-05 14:52:19,2059142,68.0,10.385215,2022-09-05T14:52:17.356+0100,True,15,16.03954435465749
2022-09-05 14:52:20,353679,67.59562,12.011,2022-09-05T14:52:19.367+0100,True,15,14.37259379899119
2022-09-05 14:52:21,5641,67.59562,12.011,2022-09-05T14:52:19.367+0100,True,15,14.37259379899119
2022-09-05 14:52:22,8747,67.59699,11.207651,2022-09-05T14:52:21.440+0100,True,15,15.168874342641942
2022-09-05 14:52:23,5448,67.59699,11.207651,2022-09-05T14:52:21.440+0100,True,15,15.168874342641942
2022-09-05 14:52:24,8747,67.59974,10.401552,2022-09-05T14:52:23.475+0100,True,15,15.96876325805552
2022-09-05 14:52:25,5448,67.59974,10.401552,2022-09-05T14:52:23.475+0100,True,15,15.96876325805552
2022-09-05 14:52:26,11990,67.602455,10.385298,2022-09-05T14:52:25.572+0100,True,15,15.985228607721224
2022-09-05 14:52:28,2427116,67.602455,10.385298,2022-09-05T14:52:25.572+0100,True,15,15.985228607721224
2022-09-05 14:52:28,1726960,67.60521,10.368798,2022-09-05T14:52:27.606+0100,True,15,16.001943049710682
2022-09-05 14:52:29,11536,67.60521,10.368798,2022-09-05T14:52:27.606+0100,True,15,16.001943049710682
2022-09-05 14:52:30,8577,68.0,8.0,2022-09-05T14:52:29.680+0100,True,15,18.4016964706627
2022-09-05 14:52:31,5448,68.0,8.0,2022-09-05T14:52:29.680+0100,True,15,18.4016964706627
2022-09-05 14:52:32,8785,68.0,8.0,2022-09-05T14:52:31.760+0100,True,15,18.4016964706627
2022-09-05 14:52:33,5448,68.0,8.0,2022-09-05T14:52:31.760+0100,True,15,18.4016964706627
2022-09-05 14:52:34,8681,68.0,8.0,2022-09-05T14:52:33.873+0100,True,15,18.4016964706627
2022-09-05 14:52:35,5448,68.0,8.0,2022-09-05T14:52:33.873+0100,True,15,18.4016964706627
2022-09-05 14:52:36,1220350,68.0,8.0,2022-09-05T14:52:36.011+0100,True,15,18.4016964706627
2022-09-05 14:52:38,3227286,68.0,8.0,2022-09-05T14:52:36.011+0100,True,15,18.4016964706627
2022-09-05 14:52:38,434942,68.0,8.0,2022-09-05T14:52:38.021+0100,True,15,18.4016964706627
2022-09-05 14:52:39,5500,68.0,8.0,2022-09-05T14:52:38.021+0100,True,15,18.4016964706627
2022-09-05 14:52:40,8681,68.0,8.0,2022-09-05T14:52:40.025+0100,True,15,18.4016964706627
2022-09-05 14:52:41,5537,68.0,8.0,2022-09-05T14:52:40.025+0100,True,15,18.4016964706627
2022-09-05 14:52:42,8733,68.0,8.0,2022-09-05T14:52:42.107+0100,True,15,18.4016964706627
2022-09-05 14:52:43,5448,68.0,8.0,2022-09-05T14:52:42.107+0100,True,15,18.4016964706627
2022-09-05 14:52:44,8740,68.0,8.808767,2022-09-05T14:52:44.162+0100,True,15,17.60005247350726
2022-09-05 14:52:45,5448,68.0,8.808767,2022-09-05T14:52:44.162+0100,True,15,17.60005247350726
2022-09-05 14:52:46,8688,68.0,8.806017,2022-09-05T14:52:46.170+0100,True,15,17.602777149478687
2022-09-05 14:52:47,5500,68.0,8.806017,2022-09-05T14:52:46.170+0100,True,15,17.602777149478687
2022-09-05 14:52:48,8636,68.0,8.800518,2022-09-05T14:52:48.189+0100,True,15,17.608225534244045
2022-09-05 14:52:50,724201,68.0,8.800518,2022-09-05T14:52:48.189+0100,True,15,17.608225534244045
2022-09-05 14:52:51,2894360,68.0,8.795098,2022-09-05T14:52:50.245+0100,True,15,17.613595676944673
2022-09-05 14:52:51,2477324,68.0,8.795098,2022-09-05T14:52:50.245+0100,True,15,17.613595676944673
2022-09-05 14:52:52,5500,68.0,8.795098,2022-09-05T14:52:50.245+0100,True,15,17.613595676944673
2022-09-05 14:52:53,8688,68.0,8.789599,2022-09-05T14:52:52.309+0100,True,15,17.61904412414706
2022-09-05 14:52:54,9143,68.0,8.0,2022-09-05T14:52:54.316+0100,True,15,18.4016964706627
2022-09-05 14:52:55,5500,68.0,8.0,2022-09-05T14:52:54.316+0100,True,15,18.4016964706627
2022-09-05 14:52:56,5448,68.0,8.0,2022-09-05T14:52:54.316+0100,True,15,18.4016964706627
2022-09-05 14:52:57,8733,68.0,8.0,2022-09-05T14:52:56.333+0100,True,15,18.4016964706627
2022-09-05 14:52:58,5448,68.0,8.0,2022-09-05T14:52:56.333+0100,True,15,18.4016964706627
2022-09-05 14:52:59,8629,68.0,8.0,2022-09-05T14:52:58.388+0100,True,15,18.4016964706627
2022-09-05 14:53:00,5552,68.0,8.0,2022-09-05T14:52:58.388+0100,True,15,18.4016964706627
2022-09-05 14:53:01,8822,68.0,8.0,2022-09-05T14:53:00.388+0100,True,15,18.4016964706627
2022-09-05 14:53:02,915662,68.0,8.0,2022-09-05T14:53:00.388+0100,True,15,18.4016964706627
2022-09-05 14:53:03,8629,68.0,8.0,2022-09-05T14:53:02.392+0100,True,15,18.4016964706627
2022-09-05 14:53:05,8740,68.0,8.404384,2022-09-05T14:53:04.399+0100,True,15,18.00079432072085
2022-09-05 14:53:05,5500,68.0,8.404384,2022-09-05T14:53:04.399+0100,True,15,18.00079432072085
2022-09-05 14:53:07,1094851,68.00001,8.404106,2022-09-05T14:53:06.393+0100,True,15,18.001071197489775
2022-09-05 14:53:07,3807820,68.00001,8.404106,2022-09-05T14:53:06.393+0100,True,15,18.001071197489775
2022-09-05 14:53:08,5741,68.00001,8.404106,2022-09-05T14:53:06.393+0100,True,15,18.001071197489775
2022-09-05 14:53:09,8798,68.00001,8.401359,2022-09-05T14:53:08.394+0100,True,15,18.003794020273087
2022-09-05 14:53:10,5448,68.00001,8.401359,2022-09-05T14:53:08.394+0100,True,15,18.003794020273087
2022-09-05 14:53:11,8687,68.0,8.39755,2022-09-05T14:53:10.422+0100,True,15,18.00756818476332
2022-09-05 14:53:12,5500,68.0,8.39755,2022-09-05T14:53:10.422+0100,True,15,18.00756818476332
2022-09-05 14:53:14,3653620,68.0,8.3948,2022-09-05T14:53:12.466+0100,True,15,18.010293998888525
2022-09-05 14:53:15,1955676,68.0,8.3948,2022-09-05T14:53:12.466+0100,True,15,18.010293998888525
2022-09-05 14:53:15,649753,68.0,8.0,2022-09-05T14:53:14.477+0100,True,15,18.4016964706627
2022-09-05 14:53:16,5448,68.0,8.0,2022-09-05T14:53:14.477+0100,True,15,18.4016964706627
2022-09-05 14:53:17,8632,68.0,8.0,2022-09-05T14:53:16.487+0100,True,15,18.4016964706627
2022-09-05 14:53:18,5448,68.0,8.0,2022-09-05T14:53:16.487+0100,True,15,18.4016964706627
2022-09-05 14:53:19,9201,68.0,8.0,2022-09-05T14:53:18.548+0100,True,15,18.4016964706627
2022-09-05 14:53:20,5448,68.0,8.0,2022-09-05T14:53:18.548+0100,True,15,18.4016964706627
2022-09-05 14:53:21,8773,68.0,8.0,2022-09-05T14:53:20.596+0100,True,15,18.4016964706627
2022-09-05 14:53:22,5500,68.0,8.0,2022-09-05T14:53:20.596+0100,True,15,18.4016964706627
2022-09-05 14:53:23,8684,68.0,8.0,2022-09-05T14:53:22.660+0100,True,15,18.4016964706627
2022-09-05 14:53:25,5500,68.0,8.0,2022-09-05T14:53:22.660+0100,True,15,18.4016964706627
2022-09-05 14:53:25,8497,68.0,8.0,2022-09-05T14:53:24.731+0100,True,15,18.4016964706627
2022-09-05 14:53:26,220445,68.0,8.0,2022-09-05T14:53:24.731+0100,True,15,18.4016964706627
2022-09-05 14:53:27,8736,68.0,8.0,2022-09-05T14:53:26.755+0100,True,15,18.4016964706627
2022-09-05 14:53:28,5448,68.0,8.0,2022-09-05T14:53:26.755+0100,True,15,18.4016964706627
2022-09-05 14:53:30,8788,68.0,8.0,2022-09-05T14:53:28.763+0100,True,15,18.4016964706627
2022-09-05 14:53:30,5396,68.0,8.0,2022-09-05T14:53:28.763+0100,True,15,18.4016964706627
2022-09-05 14:53:31,8684,68.0,8.0,2022-09-05T14:53:30.806+0100,True,15,18.4016964706627
2022-09-05 14:53:32,5500,68.0,8.0,2022-09-05T14:53:30.806+0100,True,15,18.4016964706627
2022-09-05 14:53:33,8639,68.0,8.808767,2022-09-05T14:53:32.963+0100,True,15,17.60005247350726
2022-09-05 14:53:35,5876,68.0,8.808767,2022-09-05T14:53:32.963+0100,True,15,17.60005247350726
2022-09-05 14:53:36,8744,68.0,10.019168,2022-09-05T14:53:34.966+0100,True,15,16.4016184004111
2022-09-05 14:53:36,5448,68.0,10.019168,2022-09-05T14:53:34.966+0100,True,15,16.4016184004111
2022-09-05 14:53:38,8802,67.19123,14.457763,2022-09-05T14:53:37.022+0100,True,15,11.89362589678812
2022-09-05 14:53:38,5448,67.19123,14.457763,2022-09-05T14:53:37.022+0100,True,15,11.89362589678812
2022-09-05 14:53:40,4184013,67.598366,13.21582,2022-09-05T14:53:39.083+0100,True,15,13.18070402605096
2022-09-05 14:53:40,1951705,67.598366,13.21582,2022-09-05T14:53:39.083+0100,True,15,13.18070402605096
2022-09-05 14:53:42,4823359,67.60249,13.176068,2022-09-05T14:53:41.165+0100,True,15,13.220624360490843
2022-09-05 14:53:42,1232505,67.60249,13.176068,2022-09-05T14:53:41.165+0100,True,15,13.220624360490843
2022-09-05 14:53:43,8698,67.60516,12.356667,2022-09-05T14:53:43.261+0100,True,15,14.031648079695024
2022-09-05 14:53:44,11245,67.60516,12.356667,2022-09-05T14:53:43.261+0100,True,15,14.031648079695024
2022-09-05 14:53:46,8751,67.607956,11.150147,2022-09-05T14:53:45.281+0100,True,15,15.227318167053088
2022-09-05 14:53:47,5552,67.607956,11.150147,2022-09-05T14:53:45.281+0100,True,15,15.227318167053088
2022-09-05 14:53:48,8749,67.99042,8.837519,2022-09-05T14:53:47.370+0100,True,15,17.57026896102621
2022-09-05 14:53:49,336530,67.99042,8.837519,2022-09-05T14:53:47.370+0100,True,15,17.57026896102621
2022-09-05 14:53:50,3676988,67.59699,10.015043,2022-09-05T14:53:49.426+0100,True,15,16.35201793872637
2022-09-05 14:53:51,5500,67.59699,10.015043,2022-09-05T14:53:49.426+0100,True,15,16.35201793872637
2022-09-05 14:53:52,5552,67.59699,10.015043,2022-09-05T14:53:49.426+0100,True,15,16.35201793872637
2022-09-05 14:53:53,8750,67.59974,10.001295,2022-09-05T14:53:51.439+0100,True,15,16.3659978148057
2022-09-05 14:53:54,8750,67.602455,9.987747,2022-09-05T14:53:53.445+0100,True,15,16.379774992158897
2022-09-05 14:53:55,5552,67.602455,9.987747,2022-09-05T14:53:53.445+0100,True,15,16.379774992158897
2022-09-05 14:53:56,760405,68.00959,8.760848,2022-09-05T14:53:55.501+0100,True,15,17.648828957879445
2022-09-05 14:53:57,1290245,68.00959,8.760848,2022-09-05T14:53:55.501+0100,True,15,17.648828957879445
2022-09-05 14:53:58,5875,68.00959,8.760848,2022-09-05T14:53:55.501+0100,True,15,17.648828957879445
2022-09-05 14:53:59,9426,67.99863,9.621659,2022-09-05T14:53:57.558+0100,True,15,16.794813705505074
2022-09-05 14:54:00,5677,67.99863,9.621659,2022-09-05T14:53:57.558+0100,True,15,16.794813705505074
2022-09-05 14:54:01,9083,67.592865,12.45097,2022-09-05T14:53:59.659+0100,True,15,13.936554486196544
2022-09-05 14:54:02,5589,67.592865,12.45097,2022-09-05T14:53:59.659+0100,True,15,13.936554486196544
2022-09-05 14:54:03,9862,67.1899,14.8565235,2022-09-05T14:54:01.690+0100,True,15,11.498313785882356
2022-09-05 14:54:04,9940,67.193985,14.818311,2022-09-05T14:54:03.716+0100,True,15,11.536725913165572
2022-09-05 14:54:05,8876,67.193985,14.818311,2022-09-05T14:54:03.716+0100,True,15,11.536725913165572
2022-09-05 14:54:06,5677,67.193985,14.818311,2022-09-05T14:54:03.716+0100,True,15,11.536725913165572
2022-09-05 14:54:07,8750,66.40301,18.374298,2022-09-05T14:54:05.725+0100,True,15,7.911583552626111
2022-09-05 14:54:08,5500,66.40301,18.374298,2022-09-05T14:54:05.725+0100,True,15,7.911583552626111
2022-09-05 14:54:09,8750,67.20902,14.353794,2022-09-05T14:54:07.796+0100,True,15,11.999035518318795
2022-09-05 14:54:10,5964,67.20902,14.353794,2022-09-05T14:54:07.796+0100,True,15,11.999035518318795
2022-09-05 14:54:11,8750,66.94339,15.288775,2022-09-05T14:54:09.838+0100,True,15,11.037952692919326
2022-09-05 14:54:12,1305730,66.93565,16.177774,2022-09-05T14:54:11.841+0100,True,15,10.15495144613779
2022-09-05 14:54:13,2261708,66.93565,16.177774,2022-09-05T14:54:11.841+0100,True,15,10.15495144613779
2022-09-05 14:54:14,4144890,66.93565,16.177774,2022-09-05T14:54:11.841+0100,True,15,10.15495144613779
2022-09-05 14:54:15,1680985,66.51689,18.680426,2022-09-05T14:54:13.851+0100,True,15,7.61964348920184
2022-09-05 14:54:16,3683640,66.51689,18.680426,2022-09-05T14:54:13.851+0100,True,15,7.61964348920184
2022-09-05 14:54:17,2094286,66.5131,18.69032,2022-09-05T14:54:15.873+0100,True,15,7.609371501641906
2022-09-05 14:54:18,5552,66.5131,18.69032,2022-09-05T14:54:15.873+0100,True,15,7.609371501641906
2022-09-05 14:54:19,8750,65.68583,21.981144,2022-09-05T14:54:18.091+0100,True,15,4.266134521165031
2022-09-05 14:54:20,5500,65.68583,21.981144,2022-09-05T14:54:18.091+0100,True,15,4.266134521165031
2022-09-05 14:54:21,8698,66.40439,18.769058,2022-09-05T14:54:20.165+0100,True,15,7.519024337927362
2022-09-05 14:54:22,5589,66.40439,18.769058,2022-09-05T14:54:20.165+0100,True,15,7.519024337927362
2022-09-05 14:54:23,8803,66.807396,15.561405,2022-09-05T14:54:22.183+0100,True,15,10.751440623676483
2022-09-05 14:54:24,1048283,66.807396,15.561405,2022-09-05T14:54:22.183+0100,True,15,10.751440623676483
2022-09-05 14:54:25,2152655,67.20766,13.157062,2022-09-05T14:54:24.266+0100,True,15,13.18597672137199
2022-09-05 14:54:26,5500,67.20766,13.157062,2022-09-05T14:54:24.266+0100,True,15,13.18597672137199
2022-09-05 14:54:27,8750,67.60521,10.769097,2022-09-05T14:54:26.269+0100,True,15,15.604825793908402
2022-09-05 14:54:28,5500,67.60521,10.769097,2022-09-05T14:54:26.269+0100,True,15,15.604825793908402
2022-09-05 14:54:29,8743,68.0,8.789599,2022-09-05T14:54:28.325+0100,True,15,17.61904412414706
2022-09-05 14:54:30,2649260,68.0,8.789599,2022-09-05T14:54:28.325+0100,True,15,17.61904412414706
2022-09-05 14:54:31,573385,68.0,8.808767,2022-09-05T14:54:30.332+0100,True,15,17.60005247350726
2022-09-05 14:54:32,5500,68.0,8.808767,2022-09-05T14:54:30.332+0100,True,15,17.60005247350726
2022-09-05 14:54:33,8743,68.0,9.614785,2022-09-05T14:54:32.337+0100,True,15,16.80181252377924
2022-09-05 14:54:34,5552,68.0,9.614785,2022-09-05T14:54:32.337+0100,True,15,16.80181252377924
2022-09-05 14:54:35,9251,68.0,9.606535,2022-09-05T14:54:34.418+0100,True,15,16.80997915151072
2022-09-05 14:54:36,5500,68.0,9.606535,2022-09-05T14:54:34.418+0100,True,15,16.80997915151072
2022-09-05 14:54:37,8743,68.0,9.595616,2022-09-05T14:54:36.575+0100,True,15,16.820787932163466
2022-09-05 14:54:38,5552,68.0,9.595616,2022-09-05T14:54:36.575+0100,True,15,16.820787932163466
2022-09-05 14:54:39,2992160,68.0,9.584699,2022-09-05T14:54:38.649+0100,True,15,16.831594875247
2022-09-05 14:54:40,5528,68.0,9.584699,2022-09-05T14:54:38.649+0100,True,15,16.831594875247
2022-09-05 14:54:41,5448,68.0,9.584699,2022-09-05T14:54:38.649+0100,True,15,16.831594875247
2022-09-05 14:54:42,8964,68.0,8.789599,2022-09-05T14:54:40.663+0100,True,15,17.61904412414706
2022-09-05 14:54:43,5552,68.0,8.789599,2022-09-05T14:54:40.663+0100,True,15,17.61904412414706
2022-09-05 14:54:44,8736,68.0,8.0,2022-09-05T14:54:42.705+0100,True,15,18.4016964706627
2022-09-05 14:54:45,3152477,68.0,8.0,2022-09-05T14:54:42.705+0100,True,15,18.4016964706627
2022-09-05 14:54:46,1480449,68.0,8.0,2022-09-05T14:54:44.725+0100,True,15,18.4016964706627
2022-09-05 14:54:47,5604,68.0,8.0,2022-09-05T14:54:44.725+0100,True,15,18.4016964706627
2022-09-05 14:54:48,8788,68.0,8.0,2022-09-05T14:54:46.798+0100,True,15,18.4016964706627
2022-09-05 14:54:49,5500,68.0,8.0,2022-09-05T14:54:46.798+0100,True,15,18.4016964706627
2022-09-05 14:54:50,8736,68.0,8.0,2022-09-05T14:54:48.818+0100,True,15,18.4016964706627
2022-09-05 14:54:51,5448,68.0,8.0,2022-09-05T14:54:48.818+0100,True,15,18.4016964706627
2022-09-05 14:54:52,196535,68.0,8.0,2022-09-05T14:54:50.819+0100,True,15,18.4016964706627
2022-09-05 14:54:53,5898128,68.0,8.0,2022-09-05T14:54:52.878+0100,True,15,18.4016964706627
2022-09-05 14:54:54,5552,68.0,8.0,2022-09-05T14:54:52.878+0100,True,15,18.4016964706627
2022-09-05 14:54:55,5500,68.0,8.0,2022-09-05T14:54:52.878+0100,True,15,18.4016964706627
2022-09-05 14:54:56,8684,68.0,8.0,2022-09-05T14:54:54.949+0100,True,15,18.4016964706627
2022-09-05 14:54:57,5500,68.0,8.0,2022-09-05T14:54:54.949+0100,True,15,18.4016964706627
2022-09-05 14:54:58,8736,68.0,8.0,2022-09-05T14:54:56.964+0100,True,15,18.4016964706627
2022-09-05 14:54:59,5552,68.0,8.0,2022-09-05T14:54:56.964+0100,True,15,18.4016964706627
2022-09-05 14:55:00,14631,67.59562,10.021918,2022-09-05T14:54:59.067+0100,True,15,16.345027639364947
2022-09-05 14:55:01,5608,67.59562,10.021918,2022-09-05T14:54:59.067+0100,True,15,16.345027639364947
2022-09-05 14:55:02,8838,67.59699,10.82381,2022-09-05T14:55:01.073+0100,True,15,15.549511416896674
2022-09-05 14:55:03,2200471,67.59699,10.82381,2022-09-05T14:55:01.073+0100,True,15,15.549511416896674
2022-09-05 14:55:04,2795947,67.59974,10.807312,2022-09-05T14:55:03.239+0100,True,15,15.566225311040052
2022-09-05 14:55:05,5500,67.59974,10.807312,2022-09-05T14:55:03.239+0100,True,15,15.566225311040052
2022-09-05 14:55:06,8698,67.19807,12.810184,2022-09-05T14:55:05.281+0100,True,15,13.529261417098718
2022-09-05 14:55:07,5500,67.19807,12.810184,2022-09-05T14:55:05.281+0100,True,15,13.529261417098718
2022-09-05 14:55:08,8751,66.797806,14.806058,2022-09-05T14:55:07.344+0100,True,15,11.501457393316723
2022-09-05 14:55:09,5500,66.797806,14.806058,2022-09-05T14:55:07.344+0100,True,15,11.501457393316723
2022-09-05 14:55:10,8750,67.19673,13.614704,2022-09-05T14:55:09.429+0100,True,15,12.73043624661606
2022-09-05 14:55:11,5500,67.19673,13.614704,2022-09-05T14:55:09.429+0100,True,15,12.73043624661606
2022-09-05 14:55:12,8699,67.202194,12.795058,2022-09-05T14:55:11.476+0100,True,15,13.54476595211154
2022-09-05 14:55:13,5552,67.202194,12.795058,2022-09-05T14:55:11.476+0100,True,15,13.54476595211154
2022-09-05 14:55:14,1526037,67.20766,13.571031,2022-09-05T14:55:13.565+0100,True,15,12.775129242568196
2022-09-05 14:55:15,2920313,67.20766,13.571031,2022-09-05T14:55:13.565+0100,True,15,12.775129242568196
2022-09-05 14:55:16,8802,67.20082,13.597032,2022-09-05T14:55:15.609+0100,True,15,12.74847935472086
2022-09-05 14:55:17,5500,67.20082,13.597032,2022-09-05T14:55:15.609+0100,True,15,12.74847935472086
2022-09-05 14:55:18,5500,67.20082,13.597032,2022-09-05T14:55:15.609+0100,True,15,12.74847935472086
2022-09-05 14:55:19,8698,67.59699,12.413927,2022-09-05T14:55:17.682+0100,True,15,13.973808164453562
2022-09-05 14:55:20,5500,67.59699,12.413927,2022-09-05T14:55:17.682+0100,True,15,13.973808164453562
2022-09-05 14:55:21,8891,67.59974,12.411178,2022-09-05T14:55:19.757+0100,True,15,13.976919312830134
2022-09-05 14:55:22,5500,67.59974,12.411178,2022-09-05T14:55:19.757+0100,True,15,13.976919312830134
2022-09-05 14:55:23,8748,67.19807,14.4058,2022-09-05T14:55:21.805+0100,True,15,11.946037052483138
2022-09-05 14:55:24,5448,67.19807,14.4058,2022-09-05T14:55:21.805+0100,True,15,11.946037052483138
2022-09-05 14:55:25,9260,66.797806,16.01096,2022-09-05T14:55:23.812+0100,True,15,10.303667208796874
2022-09-05 14:55:26,8751,67.195915,14.008163,2022-09-05T14:55:25.807+0100,True,15,12.34001141107552
2022-09-05 14:55:27,5448,67.195915,14.008163,2022-09-05T14:55:25.807+0100,True,15,12.34001141107552
2022-09-05 14:55:28,1517448,67.195915,14.008163,2022-09-05T14:55:25.807+0100,True,15,12.34001141107552
2022-09-05 14:55:29,3100483,67.202194,13.1789,2022-09-05T14:55:27.832+0100,True,15,13.163639074649382
2022-09-05 14:55:30,5500,67.202194,13.1789,2022-09-05T14:55:27.832+0100,True,15,13.163639074649382
2022-09-05 14:55:31,8802,67.20766,12.359294,2022-09-05T14:55:29.837+0100,True,15,13.978248690199928
2022-09-05 14:55:32,8549,67.20766,12.359294,2022-09-05T14:55:29.837+0100,True,15,13.978248690199928
2022-09-05 14:55:33,8802,67.60521,10.368798,2022-09-05T14:55:31.883+0100,True,15,16.001943049710682
2022-09-05 14:55:34,5552,67.60521,10.368798,2022-09-05T14:55:31.883+0100,True,15,16.001943049710682
2022-09-05 14:55:35,8632,68.0,8.0,2022-09-05T14:55:33.940+0100,True,15,18.4016964706627
2022-09-05 14:55:36,5604,68.0,8.0,2022-09-05T14:55:33.940+0100,True,15,18.4016964706627
2022-09-05 14:55:37,8736,68.0,8.0,2022-09-05T14:55:36.018+0100,True,15,18.4016964706627
2022-09-05 14:55:38,5500,68.0,8.0,2022-09-05T14:55:36.018+0100,True,15,18.4016964706627
2022-09-05 14:55:39,8736,68.0,8.0,2022-09-05T14:55:38.040+0100,True,15,18.4016964706627
2022-09-05 14:55:40,5396,68.0,8.0,2022-09-05T14:55:38.040+0100,True,15,18.4016964706627
2022-09-05 14:55:41,8742,68.00001,8.0,2022-09-05T14:55:40.039+0100,True,15,18.401697765763355
2022-09-05 14:55:42,5589,68.00001,8.0,2022-09-05T14:55:40.039+0100,True,15,18.401697765763355
2022-09-05 14:55:43,2938243,68.0,8.0,2022-09-05T14:55:42.125+0100,True,15,18.4016964706627
2022-09-05 14:55:44,1075980,68.0,8.0,2022-09-05T14:55:42.125+0100,True,15,18.4016964706627
2022-09-05 14:55:45,8743,68.0,8.808767,2022-09-05T14:55:44.170+0100,True,15,17.60005247350726
2022-09-05 14:55:46,5448,68.0,8.808767,2022-09-05T14:55:44.170+0100,True,15,17.60005247350726
2022-09-05 14:55:47,8691,68.0,8.806017,2022-09-05T14:55:46.189+0100,True,15,17.602777149478687
2022-09-05 14:55:48,5448,68.0,8.806017,2022-09-05T14:55:46.189+0100,True,15,17.602777149478687
2022-09-05 14:55:49,8743,68.0,8.800518,2022-09-05T14:55:48.205+0100,True,15,17.608225534244045
2022-09-05 14:55:50,3276824,68.0,8.800518,2022-09-05T14:55:48.205+0100,True,15,17.608225534244045
2022-09-05 14:55:51,648229,68.0,8.795098,2022-09-05T14:55:50.271+0100,True,15,17.613595676944673
2022-09-05 14:55:52,5448,68.0,8.795098,2022-09-05T14:55:50.271+0100,True,15,17.613595676944673
2022-09-05 14:55:53,8691,68.0,8.789599,2022-09-05T14:55:52.327+0100,True,15,17.61904412414706
2022-09-05 14:55:54,5552,68.0,8.789599,2022-09-05T14:55:52.327+0100,True,15,17.61904412414706
2022-09-05 14:55:55,8684,68.0,8.0,2022-09-05T14:55:54.332+0100,True,15,18.4016964706627
2022-09-05 14:55:56,5500,68.0,8.0,2022-09-05T14:55:54.332+0100,True,15,18.4016964706627
2022-09-05 14:55:57,3400997,68.0,8.0,2022-09-05T14:55:56.339+0100,True,15,18.4016964706627
2022-09-05 14:55:58,669400,68.0,8.0,2022-09-05T14:55:56.339+0100,True,15,18.4016964706627
2022-09-05 14:55:59,8736,68.0,8.0,2022-09-05T14:55:58.403+0100,True,15,18.4016964706627
2022-09-05 14:56:00,5448,68.0,8.0,2022-09-05T14:55:58.403+0100,True,15,18.4016964706627
2022-09-05 15:07:59,8743,65.55,44.02,2022-09-05T15:07:57.845+0100,True,16,4.650399794254255
2022-09-05 15:08:01,7688403,65.55,44.02,2022-09-05T15:07:59.859+0100,True,16,4.650399794254255
2022-09-05 15:08:01,1059207,65.55,44.02,2022-09-05T15:07:59.859+0100,True,16,4.650399794254255
2022-09-05 15:08:02,194924,65.55,44.02,2022-09-05T15:07:59.859+0100,True,16,4.650399794254255
2022-09-05 15:08:03,8743,65.55,44.02,2022-09-05T15:08:01.859+0100,True,16,4.650399794254255
2022-09-05 15:08:04,5552,65.55,44.02,2022-09-05T15:08:01.859+0100,True,16,4.650399794254255
2022-09-05 15:08:05,8884,65.55,44.02,2022-09-05T15:08:03.874+0100,True,16,4.650399794254255
2022-09-05 15:08:06,5396,65.55,44.02,2022-09-05T15:08:03.874+0100,True,16,4.650399794254255
2022-09-05 15:08:07,8691,65.55,44.02,2022-09-05T15:08:05.976+0100,True,16,4.650399794254255
2022-09-05 15:08:08,5552,65.55,44.02,2022-09-05T15:08:05.976+0100,True,16,4.650399794254255
2022-09-05 15:08:09,8795,65.55,44.02,2022-09-05T15:08:08.063+0100,True,16,4.650399794254255
2022-09-05 15:08:10,5552,65.55,44.02,2022-09-05T15:08:08.063+0100,True,16,4.650399794254255
2022-09-05 15:08:11,5882903,65.55,44.02,2022-09-05T15:08:10.105+0100,True,16,4.650399794254255
2022-09-05 15:08:12,5448,65.55,44.02,2022-09-05T15:08:10.105+0100,True,16,4.650399794254255
2022-09-05 15:08:13,9107,65.55,44.02,2022-09-05T15:08:12.166+0100,True,16,4.650399794254255
2022-09-05 15:08:14,5552,65.55,44.02,2022-09-05T15:08:12.166+0100,True,16,4.650399794254255
2022-09-05 15:08:15,9144,65.55,44.02,2022-09-05T15:08:14.265+0100,True,16,4.650399794254255
2022-09-05 15:08:16,5448,65.55,44.02,2022-09-05T15:08:14.265+0100,True,16,4.650399794254255
2022-09-05 15:08:17,8694,58.26667,44.02,2022-09-05T15:08:16.478+0100,True,16,8.697480498586934
2022-09-05 15:08:18,5031058,58.26667,44.02,2022-09-05T15:08:16.478+0100,True,16,8.697480498586934
2022-09-05 15:08:19,872221,58.26667,44.02,2022-09-05T15:08:18.507+0100,True,16,8.697480498586934
2022-09-05 15:08:20,5500,58.26667,44.02,2022-09-05T15:08:18.507+0100,True,16,8.697480498586934
2022-09-05 15:08:21,8694,58.26667,44.02,2022-09-05T15:08:20.542+0100,True,16,8.697480498586934
2022-09-05 15:08:22,5448,58.26667,44.02,2022-09-05T15:08:20.542+0100,True,16,8.697480498586934
2022-09-05 15:08:23,8746,58.26667,44.02,2022-09-05T15:08:22.543+0100,True,16,8.697480498586934
2022-09-05 15:08:24,8879,58.26667,44.02,2022-09-05T15:08:22.543+0100,True,16,8.697480498586934
2022-09-05 15:08:25,8887,58.26667,44.02,2022-09-05T15:08:24.570+0100,True,16,8.697480498586934
2022-09-05 15:08:26,5166673,58.26667,44.02,2022-09-05T15:08:24.570+0100,True,16,8.697480498586934
2022-09-05 15:08:27,8694,58.26667,44.02,2022-09-05T15:08:26.656+0100,True,16,8.697480498586934
2022-09-05 15:08:28,5448,58.26667,44.02,2022-09-05T15:08:26.656+0100,True,16,8.697480498586934
2022-09-05 15:08:29,8746,58.26667,44.02,2022-09-05T15:08:28.674+0100,True,16,8.697480498586934
2022-09-05 15:08:30,5500,58.26667,44.02,2022-09-05T15:08:28.674+0100,True,16,8.697480498586934
2022-09-05 15:08:31,5448,58.26667,44.02,2022-09-05T15:08:28.674+0100,True,16,8.697480498586934
2022-09-05 15:08:32,8694,58.26667,44.02,2022-09-05T15:08:30.784+0100,True,16,8.697480498586934
2022-09-05 15:08:33,281615,58.26667,44.02,2022-09-05T15:08:30.784+0100,True,16,8.697480498586934
2022-09-05 15:08:34,4692660,58.26667,44.02,2022-09-05T15:08:32.856+0100,True,16,8.697480498586934
2022-09-05 15:08:35,5500,58.26667,44.02,2022-09-05T15:08:32.856+0100,True,16,8.697480498586934
2022-09-05 15:08:36,8746,58.26667,44.02,2022-09-05T15:08:34.934+0100,True,16,8.697480498586934
2022-09-05 15:08:37,5448,58.26667,44.02,2022-09-05T15:08:34.934+0100,True,16,8.697480498586934
2022-09-05 15:08:38,8746,58.26667,44.02,2022-09-05T15:08:36.985+0100,True,16,8.697480498586934
2022-09-05 15:08:39,5500,58.26667,44.02,2022-09-05T15:08:36.985+0100,True,16,8.697480498586934
2022-09-05 15:08:40,14853,58.26667,44.02,2022-09-05T15:08:38.996+0100,True,16,8.697480498586934
2022-09-05 15:08:41,1925453,58.26667,44.02,2022-09-05T15:08:38.996+0100,True,16,8.697480498586934
2022-09-05 15:08:42,1498964,58.26667,44.02,2022-09-05T15:08:41.007+0100,True,16,8.697480498586934
2022-09-05 15:08:43,5500,58.26667,44.02,2022-09-05T15:08:41.007+0100,True,16,8.697480498586934
2022-09-05 15:08:44,8798,58.26667,44.02,2022-09-05T15:08:43.090+0100,True,16,8.697480498586934
2022-09-05 15:08:45,5589,58.26667,44.02,2022-09-05T15:08:43.090+0100,True,16,8.697480498586934
2022-09-05 15:08:46,8746,58.26667,44.02,2022-09-05T15:08:45.136+0100,True,16,8.697480498586934
2022-09-05 15:08:47,5448,58.26667,44.02,2022-09-05T15:08:45.136+0100,True,16,8.697480498586934
2022-09-05 15:08:48,8798,58.26667,44.02,2022-09-05T15:08:47.147+0100,True,16,8.697480498586934
2022-09-05 15:08:49,3716207,58.26667,44.02,2022-09-05T15:08:47.147+0100,True,16,8.697480498586934
2022-09-05 15:08:50,117474,58.26667,44.02,2022-09-05T15:08:49.164+0100,True,16,8.697480498586934
2022-09-05 15:08:51,5448,58.26667,44.02,2022-09-05T15:08:49.164+0100,True,16,8.697480498586934
2022-09-05 15:08:52,8694,58.26667,44.02,2022-09-05T15:08:51.197+0100,True,16,8.697480498586934
2022-09-05 15:08:53,5500,58.26667,44.02,2022-09-05T15:08:51.197+0100,True,16,8.697480498586934
2022-09-05 15:08:54,8746,58.26667,44.02,2022-09-05T15:08:53.286+0100,True,16,8.697480498586934
2022-09-05 15:08:55,5500,58.26667,44.02,2022-09-05T15:08:53.286+0100,True,16,8.697480498586934
2022-09-05 15:08:56,8694,58.26667,44.02,2022-09-05T15:08:55.299+0100,True,16,8.697480498586934
2022-09-05 15:08:57,3996357,58.26667,44.02,2022-09-05T15:08:55.299+0100,True,16,8.697480498586934
2022-09-05 15:08:58,8746,58.26667,44.02,2022-09-05T15:08:57.308+0100,True,16,8.697480498586934
2022-09-05 15:08:59,5500,58.26667,44.02,2022-09-05T15:08:57.308+0100,True,16,8.697480498586934
2022-09-05 15:09:00,8746,58.26667,44.02,2022-09-05T15:08:59.366+0100,True,16,8.697480498586934
2022-09-05 15:09:01,5448,58.26667,44.02,2022-09-05T15:08:59.366+0100,True,16,8.697480498586934
2022-09-05 15:09:02,8694,58.26667,44.02,2022-09-05T15:09:01.436+0100,True,16,8.697480498586934
2022-09-05 15:09:03,5448,58.26667,44.02,2022-09-05T15:09:01.436+0100,True,16,8.697480498586934
2022-09-05 15:09:04,8694,58.26667,44.02,2022-09-05T15:09:03.483+0100,True,16,8.697480498586934
2022-09-05 15:09:05,4832882,58.26667,44.02,2022-09-05T15:09:03.483+0100,True,16,8.697480498586934
2022-09-05 15:09:06,8694,58.26667,44.02,2022-09-05T15:09:05.626+0100,True,16,8.697480498586934
2022-09-05 15:09:07,5500,58.26667,44.02,2022-09-05T15:09:05.626+0100,True,16,8.697480498586934
2022-09-05 15:09:08,8694,58.26667,44.02,2022-09-05T15:09:07.639+0100,True,16,8.697480498586934
2022-09-05 15:09:09,5500,58.26667,44.02,2022-09-05T15:09:07.639+0100,True,16,8.697480498586934
2022-09-05 15:09:10,8694,58.26667,44.02,2022-09-05T15:09:09.745+0100,True,16,8.697480498586934
2022-09-05 15:09:11,5396,58.26667,44.02,2022-09-05T15:09:09.745+0100,True,16,8.697480498586934
2022-09-05 15:09:12,875566,58.26667,44.02,2022-09-05T15:09:11.767+0100,True,16,8.697480498586934
2022-09-05 15:09:13,4555230,58.26667,44.02,2022-09-05T15:09:11.767+0100,True,16,8.697480498586934
2022-09-05 15:09:14,8746,58.26667,44.02,2022-09-05T15:09:13.775+0100,True,16,8.697480498586934
2022-09-05 15:09:15,5396,58.26667,44.02,2022-09-05T15:09:13.775+0100,True,16,8.697480498586934
2022-09-05 15:09:16,8746,58.26667,44.02,2022-09-05T15:09:15.791+0100,True,16,8.697480498586934
2022-09-05 15:09:17,5500,58.26667,44.02,2022-09-05T15:09:15.791+0100,True,16,8.697480498586934
2022-09-05 15:09:18,8746,58.26667,44.02,2022-09-05T15:09:17.831+0100,True,16,8.697480498586934
2022-09-05 15:09:19,5500,58.26667,44.02,2022-09-05T15:09:17.831+0100,True,16,8.697480498586934
2022-09-05 15:09:20,2667434,58.26667,44.02,2022-09-05T15:09:17.831+0100,True,16,8.697480498586934
2022-09-05 15:09:21,1852738,58.26667,44.02,2022-09-05T15:09:19.875+0100,True,16,8.697480498586934
2022-09-05 15:09:22,5448,58.26667,44.02,2022-09-05T15:09:19.875+0100,True,16,8.697480498586934
2022-09-05 15:09:23,8746,58.26667,44.02,2022-09-05T15:09:21.970+0100,True,16,8.697480498586934
2022-09-05 15:09:24,5552,58.26667,44.02,2022-09-05T15:09:21.970+0100,True,16,8.697480498586934
2022-09-05 15:09:25,8835,58.26667,44.02,2022-09-05T15:09:24.032+0100,True,16,8.697480498586934
2022-09-05 15:09:26,5500,58.26667,44.02,2022-09-05T15:09:24.032+0100,True,16,8.697480498586934
2022-09-05 15:09:27,8694,58.26667,44.02,2022-09-05T15:09:26.037+0100,True,16,8.697480498586934
2022-09-05 15:09:28,4207393,58.26667,44.02,2022-09-05T15:09:26.037+0100,True,16,8.697480498586934
2022-09-05 15:09:29,8746,58.26667,44.02,2022-09-05T15:09:28.049+0100,True,16,8.697480498586934
2022-09-05 15:09:30,5903,58.26667,44.02,2022-09-05T15:09:28.049+0100,True,16,8.697480498586934
2022-09-05 15:09:31,8746,58.26667,44.02,2022-09-05T15:09:30.120+0100,True,16,8.697480498586934
2022-09-05 15:09:32,5396,58.26667,44.02,2022-09-05T15:09:30.120+0100,True,16,8.697480498586934
2022-09-05 15:09:33,8746,58.26667,44.02,2022-09-05T15:09:32.203+0100,True,16,8.697480498586934
2022-09-05 15:09:34,5500,58.26667,44.02,2022-09-05T15:09:32.203+0100,True,16,8.697480498586934
2022-09-05 15:09:35,8746,58.26667,44.02,2022-09-05T15:09:34.199+0100,True,16,8.697480498586934
2022-09-05 15:09:36,5500,58.26667,44.02,2022-09-05T15:09:34.199+0100,True,16,8.697480498586934
2022-09-05 15:09:37,2287136,58.26667,44.02,2022-09-05T15:09:36.233+0100,True,16,8.697480498586934
2022-09-05 15:09:38,2580895,58.26667,44.02,2022-09-05T15:09:36.233+0100,True,16,8.697480498586934
2022-09-05 15:09:39,8746,58.26667,44.02,2022-09-05T15:09:38.245+0100,True,16,8.697480498586934
2022-09-05 15:09:40,5500,58.26667,44.02,2022-09-05T15:09:38.245+0100,True,16,8.697480498586934
2022-09-05 15:09:41,8746,58.26667,44.02,2022-09-05T15:09:40.328+0100,True,16,8.697480498586934
2022-09-05 15:09:42,5500,58.26667,44.02,2022-09-05T15:09:40.328+0100,True,16,8.697480498586934
2022-09-05 15:09:43,8746,58.26667,44.02,2022-09-05T15:09:42.334+0100,True,16,8.697480498586934
2022-09-05 15:09:44,5500,58.26667,44.02,2022-09-05T15:09:42.334+0100,True,16,8.697480498586934
2022-09-05 15:09:45,8835,58.26667,44.02,2022-09-05T15:09:44.356+0100,True,16,8.697480498586934
2022-09-05 15:09:46,5500,58.26667,44.02,2022-09-05T15:09:44.356+0100,True,16,8.697480498586934
2022-09-05 15:09:47,8694,58.26667,44.02,2022-09-05T15:09:46.406+0100,True,16,8.697480498586934
2022-09-05 15:09:48,5552,58.26667,44.02,2022-09-05T15:09:46.406+0100,True,16,8.697480498586934
2022-09-05 15:09:49,8798,58.26667,44.02,2022-09-05T15:09:48.480+0100,True,16,8.697480498586934
2022-09-05 15:09:50,1808573,58.26667,44.02,2022-09-05T15:09:48.480+0100,True,16,8.697480498586934
2022-09-05 15:09:51,2732307,58.26667,44.02,2022-09-05T15:09:50.496+0100,True,16,8.697480498586934
2022-09-05 15:09:52,5344,58.26667,44.02,2022-09-05T15:09:50.496+0100,True,16,8.697480498586934
2022-09-05 15:09:53,12125,58.26667,44.02,2022-09-05T15:09:52.523+0100,True,16,8.697480498586934
2022-09-05 15:09:54,5605,58.26667,44.02,2022-09-05T15:09:52.523+0100,True,16,8.697480498586934
2022-09-05 15:09:55,14574,58.26667,44.02,2022-09-05T15:09:54.518+0100,True,16,8.697480498586934
2022-09-05 15:09:56,5500,58.26667,44.02,2022-09-05T15:09:54.518+0100,True,16,8.697480498586934
2022-09-05 15:09:57,8694,58.26667,44.02,2022-09-05T15:09:56.529+0100,True,16,8.697480498586934
2022-09-05 15:09:58,5500,58.26667,44.02,2022-09-05T15:09:56.529+0100,True,16,8.697480498586934
2022-09-05 15:09:59,3530483,58.26667,44.02,2022-09-05T15:09:58.544+0100,True,16,8.697480498586934
2022-09-05 15:10:00,5396,58.26667,44.02,2022-09-05T15:09:58.544+0100,True,16,8.697480498586934
2022-09-05 15:10:01,8798,58.26667,44.02,2022-09-05T15:10:00.557+0100,True,16,8.697480498586934
2022-09-05 15:10:02,5500,58.26667,44.02,2022-09-05T15:10:00.557+0100,True,16,8.697480498586934
2022-09-05 15:10:03,8798,58.26667,44.02,2022-09-05T15:10:02.558+0100,True,16,8.697480498586934
2022-09-05 15:10:04,5500,58.26667,44.02,2022-09-05T15:10:02.558+0100,True,16,8.697480498586934
2022-09-05 15:10:05,2860939,58.26667,44.02,2022-09-05T15:10:04.560+0100,True,16,8.697480498586934
2022-09-05 15:10:06,5552,58.26667,44.02,2022-09-05T15:10:04.560+0100,True,16,8.697480498586934
2022-09-05 15:10:07,8746,58.26667,44.02,2022-09-05T15:10:06.573+0100,True,16,8.697480498586934
2022-09-05 15:10:08,5500,58.26667,44.02,2022-09-05T15:10:06.573+0100,True,16,8.697480498586934
2022-09-05 15:10:09,8798,58.26667,44.02,2022-09-05T15:10:08.637+0100,True,16,8.697480498586934
2022-09-05 15:10:10,1531275,58.26667,44.02,2022-09-05T15:10:08.637+0100,True,16,8.697480498586934
2022-09-05 15:10:11,3595972,58.26667,44.02,2022-09-05T15:10:10.659+0100,True,16,8.697480498586934
2022-09-05 15:10:12,5500,58.26667,44.02,2022-09-05T15:10:10.659+0100,True,16,8.697480498586934
2022-09-05 15:10:14,10348,58.26667,44.02,2022-09-05T15:10:12.753+0100,True,16,8.697480498586934
2022-09-05 15:10:14,5500,58.26667,44.02,2022-09-05T15:10:12.753+0100,True,16,8.697480498586934
2022-09-05 15:10:15,8694,58.26667,44.02,2022-09-05T15:10:14.816+0100,True,16,8.697480498586934
2022-09-05 15:10:16,5500,58.26667,44.02,2022-09-05T15:10:14.816+0100,True,16,8.697480498586934
2022-09-05 15:10:17,5500,58.26667,44.02,2022-09-05T15:10:14.816+0100,True,16,8.697480498586934
2022-09-05 15:10:18,8798,58.26667,44.02,2022-09-05T15:10:16.939+0100,True,16,8.697480498586934
2022-09-05 15:10:19,5500,58.26667,44.02,2022-09-05T15:10:16.939+0100,True,16,8.697480498586934
2022-09-05 15:10:20,9097,58.26667,44.02,2022-09-05T15:10:18.969+0100,True,16,8.697480498586934
2022-09-05 15:10:23,8694,58.26667,44.02,2022-09-05T15:10:21.033+0100,True,16,8.697480498586934
2022-09-05 15:10:23,8694,58.26667,44.02,2022-09-05T15:10:21.033+0100,True,16,8.697480498586934
2022-09-05 15:10:23,2613591,58.26667,44.02,2022-09-05T15:10:23.078+0100,True,16,8.697480498586934
2022-09-05 15:10:24,1802541,58.26667,44.02,2022-09-05T15:10:23.078+0100,True,16,8.697480498586934
2022-09-05 15:10:25,5537,58.26667,44.02,2022-09-05T15:10:23.078+0100,True,16,8.697480498586934
2022-09-05 15:10:26,8746,58.26667,44.02,2022-09-05T15:10:25.089+0100,True,16,8.697480498586934
2022-09-05 15:10:27,5448,58.26667,44.02,2022-09-05T15:10:25.089+0100,True,16,8.697480498586934
2022-09-05 15:10:28,8746,58.26667,44.02,2022-09-05T15:10:27.106+0100,True,16,8.697480498586934
2022-09-05 15:10:29,5500,58.26667,44.02,2022-09-05T15:10:27.106+0100,True,16,8.697480498586934
2022-09-05 15:10:30,8694,58.26667,44.02,2022-09-05T15:10:29.176+0100,True,16,8.697480498586934
2022-09-05 15:10:31,5500,58.26667,44.02,2022-09-05T15:10:29.176+0100,True,16,8.697480498586934
2022-09-05 15:10:32,8798,58.26667,44.02,2022-09-05T15:10:31.228+0100,True,16,8.697480498586934
2022-09-05 15:10:33,629865,58.26667,44.02,2022-09-05T15:10:31.228+0100,True,16,8.697480498586934
2022-09-05 15:10:34,4645364,58.26667,44.02,2022-09-05T15:10:33.240+0100,True,16,8.697480498586934
2022-09-05 15:10:35,5500,58.26667,44.02,2022-09-05T15:10:33.240+0100,True,16,8.697480498586934
2022-09-05 15:10:36,8694,58.26667,44.02,2022-09-05T15:10:35.256+0100,True,16,8.697480498586934
2022-09-05 15:10:37,5552,58.26667,44.02,2022-09-05T15:10:35.256+0100,True,16,8.697480498586934
2022-09-05 15:10:38,8746,58.26667,44.02,2022-09-05T15:10:37.326+0100,True,16,8.697480498586934
2022-09-05 15:10:39,5448,58.26667,44.02,2022-09-05T15:10:37.326+0100,True,16,8.697480498586934
2022-09-05 15:10:40,8746,58.26667,44.02,2022-09-05T15:10:39.379+0100,True,16,8.697480498586934
2022-09-05 15:10:41,5448,58.26667,44.02,2022-09-05T15:10:39.379+0100,True,16,8.697480498586934
2022-09-05 15:10:42,8743,65.55,44.02,2022-09-05T15:10:41.398+0100,True,16,4.650399794254255
2022-09-05 15:10:43,4804998,65.55,44.02,2022-09-05T15:10:41.398+0100,True,16,4.650399794254255
2022-09-05 15:10:44,671077,58.26667,44.02,2022-09-05T15:10:43.401+0100,True,16,8.697480498586934
2022-09-05 15:10:45,5985,58.26667,44.02,2022-09-05T15:10:43.401+0100,True,16,8.697480498586934
2022-09-05 15:10:46,8746,58.26667,44.02,2022-09-05T15:10:45.439+0100,True,16,8.697480498586934
2022-09-05 15:10:47,5448,58.26667,44.02,2022-09-05T15:10:45.439+0100,True,16,8.697480498586934
2022-09-05 15:10:48,8795,65.55,44.02,2022-09-05T15:10:47.535+0100,True,16,4.650399794254255
2022-09-05 15:10:49,5448,65.55,44.02,2022-09-05T15:10:47.535+0100,True,16,4.650399794254255
2022-09-05 15:10:50,8699,63.606575,39.595615,2022-09-05T15:10:49.536+0100,True,16,2.022837261583342
2022-09-05 15:10:51,5500,63.606575,39.595615,2022-09-05T15:10:49.536+0100,True,16,2.022837261583342
2022-09-05 15:10:52,8691,65.55,44.02,2022-09-05T15:10:51.564+0100,True,16,4.650399794254255
2022-09-05 15:10:53,5500,65.55,44.02,2022-09-05T15:10:51.564+0100,True,16,4.650399794254255
2022-09-05 15:10:54,8743,65.55,44.02,2022-09-05T15:10:53.586+0100,True,16,4.650399794254255
2022-09-05 15:10:55,5396,65.55,44.02,2022-09-05T15:10:53.586+0100,True,16,4.650399794254255
2022-09-05 15:10:56,11988,65.55,44.02,2022-09-05T15:10:55.665+0100,True,16,4.650399794254255
2022-09-05 15:10:57,5500,65.55,44.02,2022-09-05T15:10:55.665+0100,True,16,4.650399794254255
2022-09-05 15:10:58,2154209,65.55,44.02,2022-09-05T15:10:57.736+0100,True,16,4.650399794254255
2022-09-05 15:10:59,3127789,65.55,44.02,2022-09-05T15:10:57.736+0100,True,16,4.650399794254255
2022-09-05 15:11:00,8691,65.55,44.02,2022-09-05T15:10:59.870+0100,True,16,4.650399794254255
2022-09-05 15:11:01,5552,65.55,44.02,2022-09-05T15:10:59.870+0100,True,16,4.650399794254255
2022-09-05 15:11:02,8699,63.622955,39.584698,2022-09-05T15:11:01.880+0100,True,16,2.0053625033766345
2022-09-05 15:11:03,5448,63.622955,39.584698,2022-09-05T15:11:01.880+0100,True,16,2.0053625033766345
2022-09-05 15:11:04,8695,64.8156,38.7896,2022-09-05T15:11:03.953+0100,True,16,0.9893828735125711
2022-09-05 15:11:06,5589,64.8156,38.7896,2022-09-05T15:11:03.953+0100,True,16,0.9893828735125711
2022-09-05 15:11:06,8737,66.0,38.0,2022-09-05T15:11:06.006+0100,True,16,1.4226599897375358
2022-09-05 15:11:07,5448,66.0,38.0,2022-09-05T15:11:06.006+0100,True,16,1.4226599897375358
2022-09-05 15:11:10,8997,66.0,38.0,2022-09-05T15:11:08.007+0100,True,16,1.4226599897375358
2022-09-05 15:11:10,8685,66.0,38.0,2022-09-05T15:11:08.007+0100,True,16,1.4226599897375358
2022-09-05 15:11:10,14582,66.0,38.0,2022-09-05T15:11:10.016+0100,True,16,1.4226599897375358
2022-09-05 15:11:11,5500,66.0,38.0,2022-09-05T15:11:10.016+0100,True,16,1.4226599897375358
2022-09-05 15:11:12,8691,66.00001,38.0,2022-09-05T15:11:12.009+0100,True,16,1.4226626833160447
2022-09-05 15:11:13,3528777,66.00001,38.0,2022-09-05T15:11:12.009+0100,True,16,1.4226626833160447
2022-09-05 15:11:14,1024052,66.0,38.0,2022-09-05T15:11:14.019+0100,True,16,1.4226599897375358
2022-09-05 15:11:15,5552,66.0,38.0,2022-09-05T15:11:14.019+0100,True,16,1.4226599897375358
2022-09-05 15:11:16,5552,66.0,38.0,2022-09-05T15:11:14.019+0100,True,16,1.4226599897375358
2022-09-05 15:11:17,8633,66.0,38.0,2022-09-05T15:11:16.221+0100,True,16,1.4226599897375358
2022-09-05 15:11:18,5500,66.0,38.0,2022-09-05T15:11:16.221+0100,True,16,1.4226599897375358
2022-09-05 15:11:19,8737,66.0,38.0,2022-09-05T15:11:18.286+0100,True,16,1.4226599897375358
2022-09-05 15:11:20,5552,66.0,38.0,2022-09-05T15:11:18.286+0100,True,16,1.4226599897375358
2022-09-05 15:11:21,8737,66.0,38.0,2022-09-05T15:11:20.348+0100,True,16,1.4226599897375358
2022-09-05 15:11:22,5448,66.0,38.0,2022-09-05T15:11:20.348+0100,True,16,1.4226599897375358
2022-09-05 15:11:23,3110221,66.0,38.0,2022-09-05T15:11:22.424+0100,True,16,1.4226599897375358
2022-09-05 15:11:24,336107,66.0,38.0,2022-09-05T15:11:22.424+0100,True,16,1.4226599897375358
2022-09-05 15:11:26,8826,66.0,38.0,2022-09-05T15:11:24.490+0100,True,16,1.4226599897375358
2022-09-05 15:11:26,5500,66.0,38.0,2022-09-05T15:11:24.490+0100,True,16,1.4226599897375358
2022-09-05 15:11:27,8737,66.0,38.0,2022-09-05T15:11:26.499+0100,True,16,1.4226599897375358
2022-09-05 15:11:28,5500,66.0,38.0,2022-09-05T15:11:26.499+0100,True,16,1.4226599897375358
2022-09-05 15:11:29,8685,66.0,38.0,2022-09-05T15:11:28.600+0100,True,16,1.4226599897375358
2022-09-05 15:11:30,5552,66.0,38.0,2022-09-05T15:11:28.600+0100,True,16,1.4226599897375358
2022-09-05 15:11:31,2841091,66.0,38.0,2022-09-05T15:11:30.618+0100,True,16,1.4226599897375358
2022-09-05 15:11:32,1561653,66.0,38.0,2022-09-05T15:11:30.618+0100,True,16,1.4226599897375358
2022-09-05 15:11:33,8685,66.0,38.0,2022-09-05T15:11:32.622+0100,True,16,1.4226599897375358
2022-09-05 15:11:34,5448,66.0,38.0,2022-09-05T15:11:32.622+0100,True,16,1.4226599897375358
2022-09-05 15:11:35,9150,66.0,38.808765,2022-09-05T15:11:34.728+0100,True,16,0.6796445903742648
2022-09-05 15:11:36,5500,66.0,38.808765,2022-09-05T15:11:34.728+0100,True,16,0.6796445903742648
2022-09-05 15:11:37,8744,66.0,38.806015,2022-09-05T15:11:36.757+0100,True,16,0.6819175640977441
2022-09-05 15:11:38,5396,66.0,38.806015,2022-09-05T15:11:36.757+0100,True,16,0.6819175640977441
2022-09-05 15:11:39,2770084,66.0,39.609283,2022-09-05T15:11:38.761+0100,True,16,0.4517303567494661
2022-09-05 15:11:40,1799314,66.0,39.609283,2022-09-05T15:11:38.761+0100,True,16,0.4517303567494661
2022-09-05 15:11:41,8795,65.55,44.02,2022-09-05T15:11:40.772+0100,True,16,4.650399794254255
2022-09-05 15:11:42,5448,65.55,44.02,2022-09-05T15:11:40.772+0100,True,16,4.650399794254255
2022-09-05 15:11:43,8743,65.55,44.02,2022-09-05T15:11:42.849+0100,True,16,4.650399794254255
2022-09-05 15:11:44,5537,65.55,44.02,2022-09-05T15:11:42.849+0100,True,16,4.650399794254255
2022-09-05 15:11:45,8691,65.55,44.02,2022-09-05T15:11:44.908+0100,True,16,4.650399794254255
2022-09-05 15:11:46,5448,65.55,44.02,2022-09-05T15:11:44.908+0100,True,16,4.650399794254255
2022-09-05 15:11:47,1693628,65.55,44.02,2022-09-05T15:11:46.913+0100,True,16,4.650399794254255
2022-09-05 15:11:48,5448,65.55,44.02,2022-09-05T15:11:46.913+0100,True,16,4.650399794254255
2022-09-05 15:11:49,8691,65.55,44.02,2022-09-05T15:11:48.939+0100,True,16,4.650399794254255
2022-09-05 15:11:50,5500,65.55,44.02,2022-09-05T15:11:48.939+0100,True,16,4.650399794254255
2022-09-05 15:11:51,8691,65.55,44.02,2022-09-05T15:11:50.967+0100,True,16,4.650399794254255
2022-09-05 15:11:52,5261,65.55,44.02,2022-09-05T15:11:50.967+0100,True,16,4.650399794254255
2022-09-05 15:11:53,8878,65.55,44.02,2022-09-05T15:11:53.032+0100,True,16,4.650399794254255
2022-09-05 15:11:54,5448,65.55,44.02,2022-09-05T15:11:53.032+0100,True,16,4.650399794254255
2022-09-05 15:11:56,16768,65.55,44.02,2022-09-05T15:11:55.036+0100,True,16,4.650399794254255
2022-09-05 15:11:57,8743,65.55,44.02,2022-09-05T15:11:55.036+0100,True,16,4.650399794254255
2022-09-05 15:11:57,8743,65.55,44.02,2022-09-05T15:11:57.037+0100,True,16,4.650399794254255
2022-09-05 15:11:58,5500,65.55,44.02,2022-09-05T15:11:57.037+0100,True,16,4.650399794254255
2022-09-05 15:11:59,8639,65.55,44.02,2022-09-05T15:11:59.045+0100,True,16,4.650399794254255
2022-09-05 15:12:00,5959,65.55,44.02,2022-09-05T15:11:59.045+0100,True,16,4.650399794254255
2022-09-05 15:12:01,8743,65.55,44.02,2022-09-05T15:12:01.042+0100,True,16,4.650399794254255
2022-09-05 15:12:02,5500,65.55,44.02,2022-09-05T15:12:01.042+0100,True,16,4.650399794254255
2022-09-05 15:12:03,1878782,65.55,44.02,2022-09-05T15:12:03.130+0100,True,16,4.650399794254255
2022-09-05 15:12:05,7413754,65.55,44.02,2022-09-05T15:12:03.130+0100,True,16,4.650399794254255
2022-09-05 15:12:05,8744,66.0,39.584698,2022-09-05T15:12:05.164+0100,True,16,0.4392073837311963
2022-09-05 15:12:06,5552,66.0,39.584698,2022-09-05T15:12:05.164+0100,True,16,0.4392073837311963
2022-09-05 15:12:07,19996,66.00001,38.78906,2022-09-05T15:12:07.154+0100,True,16,0.6960130347199015
2022-09-05 15:12:08,5500,66.00001,38.78906,2022-09-05T15:12:07.154+0100,True,16,0.6960130347199015
2022-09-05 15:12:09,9108,66.0,38.808765,2022-09-05T15:12:09.185+0100,True,16,0.6796445903742648
2022-09-05 15:12:10,5448,66.0,38.808765,2022-09-05T15:12:09.185+0100,True,16,0.6796445903742648
2022-09-05 15:12:11,257682,66.0,38.808765,2022-09-05T15:12:09.185+0100,True,16,0.6796445903742648
2022-09-05 15:12:12,3194022,66.0,39.614784,2022-09-05T15:12:11.206+0100,True,16,0.4546672273388539
2022-09-05 15:12:13,8795,65.55,44.02,2022-09-05T15:12:13.219+0100,True,16,4.650399794254255
2022-09-05 15:12:14,5500,65.55,44.02,2022-09-05T15:12:13.219+0100,True,16,4.650399794254255
2022-09-05 15:12:15,8823,65.55,44.02,2022-09-05T15:12:15.218+0100,True,16,4.650399794254255
2022-09-05 15:12:16,5448,65.55,44.02,2022-09-05T15:12:15.218+0100,True,16,4.650399794254255
2022-09-05 15:12:17,5448,65.55,44.02,2022-09-05T15:12:15.218+0100,True,16,4.650399794254255
2022-09-05 15:12:18,8795,65.55,44.02,2022-09-05T15:12:17.220+0100,True,16,4.650399794254255
2022-09-05 15:12:19,5580,65.55,44.02,2022-09-05T15:12:17.220+0100,True,16,4.650399794254255
2022-09-05 15:12:20,1302687,65.55,44.02,2022-09-05T15:12:19.278+0100,True,16,4.650399794254255
2022-09-05 15:12:21,8751,63.606575,39.595615,2022-09-05T15:12:21.343+0100,True,16,2.022837261583342
2022-09-05 15:12:22,5448,63.606575,39.595615,2022-09-05T15:12:21.343+0100,True,16,2.022837261583342
2022-09-05 15:12:23,5500,63.606575,39.595615,2022-09-05T15:12:21.343+0100,True,16,2.022837261583342
2022-09-05 15:12:24,8787,63.58607,39.609283,2022-09-05T15:12:23.362+0100,True,16,2.0447695244474358
2022-09-05 15:12:25,11173,63.58607,39.609283,2022-09-05T15:12:23.362+0100,True,16,2.0447695244474358
2022-09-05 15:12:26,11635,65.55,44.02,2022-09-05T15:12:25.370+0100,True,16,4.650399794254255
2022-09-05 15:12:27,5552,65.55,44.02,2022-09-05T15:12:25.370+0100,True,16,4.650399794254255
2022-09-05 15:12:28,2198476,58.26667,44.02,2022-09-05T15:12:27.366+0100,True,16,8.697480498586934
2022-09-05 15:12:29,5500,58.26667,44.02,2022-09-05T15:12:27.366+0100,True,16,8.697480498586934
2022-09-05 15:12:30,8746,58.26667,44.02,2022-09-05T15:12:29.366+0100,True,16,8.697480498586934
2022-09-05 15:12:31,5500,58.26667,44.02,2022-09-05T15:12:29.366+0100,True,16,8.697480498586934
2022-09-05 15:12:32,8746,58.26667,44.02,2022-09-05T15:12:31.441+0100,True,16,8.697480498586934
2022-09-05 15:12:34,5552,58.26667,44.02,2022-09-05T15:12:31.441+0100,True,16,8.697480498586934
2022-09-05 15:12:34,8746,58.26667,44.02,2022-09-05T15:12:33.466+0100,True,16,8.697480498586934
2022-09-05 15:12:35,5500,58.26667,44.02,2022-09-05T15:12:33.466+0100,True,16,8.697480498586934
2022-09-05 15:12:36,204357,58.26667,44.02,2022-09-05T15:12:35.552+0100,True,16,8.697480498586934
2022-09-05 15:12:37,6825156,58.26667,44.02,2022-09-05T15:12:35.552+0100,True,16,8.697480498586934
2022-09-05 15:12:38,8746,58.26667,44.02,2022-09-05T15:12:37.563+0100,True,16,8.697480498586934
2022-09-05 15:12:39,5500,58.26667,44.02,2022-09-05T15:12:37.563+0100,True,16,8.697480498586934
2022-09-05 15:12:40,8694,58.26667,44.02,2022-09-05T15:12:39.687+0100,True,16,8.697480498586934
2022-09-05 15:12:41,5500,58.26667,44.02,2022-09-05T15:12:39.687+0100,True,16,8.697480498586934
2022-09-05 15:12:43,5049860,58.26667,44.02,2022-09-05T15:12:41.772+0100,True,16,8.697480498586934
2022-09-05 15:12:44,1161922,58.26667,44.02,2022-09-05T15:12:41.772+0100,True,16,8.697480498586934
2022-09-05 15:12:44,8835,58.26667,44.02,2022-09-05T15:12:43.780+0100,True,16,8.697480498586934
2022-09-05 15:12:45,5448,58.26667,44.02,2022-09-05T15:12:43.780+0100,True,16,8.697480498586934
2022-09-05 15:12:46,8694,58.26667,44.02,2022-09-05T15:12:45.792+0100,True,16,8.697480498586934
2022-09-05 15:12:47,5448,58.26667,44.02,2022-09-05T15:12:45.792+0100,True,16,8.697480498586934
2022-09-05 15:12:49,8798,58.26667,44.02,2022-09-05T15:12:47.870+0100,True,16,8.697480498586934
2022-09-05 15:12:49,5552,58.26667,44.02,2022-09-05T15:12:47.870+0100,True,16,8.697480498586934
2022-09-05 15:12:50,9143,58.26667,44.02,2022-09-05T15:12:49.879+0100,True,16,8.697480498586934
2022-09-05 15:12:51,5396,58.26667,44.02,2022-09-05T15:12:49.879+0100,True,16,8.697480498586934
2022-09-05 15:12:52,8691,65.55,44.02,2022-09-05T15:12:51.963+0100,True,16,4.650399794254255
2022-09-05 15:12:53,5552,65.55,44.02,2022-09-05T15:12:51.963+0100,True,16,4.650399794254255
2022-09-05 15:12:54,583616,65.55,44.02,2022-09-05T15:12:54.055+0100,True,16,4.650399794254255
2022-09-05 15:12:55,5500,65.55,44.02,2022-09-05T15:12:54.055+0100,True,16,4.650399794254255
2022-09-05 15:12:57,8691,65.55,44.02,2022-09-05T15:12:56.057+0100,True,16,4.650399794254255
2022-09-05 15:12:57,5396,65.55,44.02,2022-09-05T15:12:56.057+0100,True,16,4.650399794254255
2022-09-05 15:12:58,8743,65.55,44.02,2022-09-05T15:12:58.069+0100,True,16,4.650399794254255
2022-09-05 15:12:59,5500,65.55,44.02,2022-09-05T15:12:58.069+0100,True,16,4.650399794254255
2022-09-05 15:13:00,8746,58.26667,44.02,2022-09-05T15:13:00.091+0100,True,16,8.697480498586934
2022-09-05 15:13:01,5670020,58.26667,44.02,2022-09-05T15:13:00.091+0100,True,16,8.697480498586934
